Label,Area,Perimeter,Circularity,EulerNumber,Box.X.Min,Box.X.Max,Box.Y.Min,Box.Y.Max,Centroid.X,Centroid.Y,Ellipse.Center.X,Ellipse.Center.Y,Ellipse.Radius1,Ellipse.Radius2,Ellipse.Orientation,Ellipse.Elong,ConvexArea,Convexity,MaxFeretDiam,MaxFeretDiamAngle,OBox.Center.X,OBox.Center.Y,OBox.Length,OBox.Width,OBox.Orientation,OBox.Elongation,GeodesicDiameter,Tortuosity,InscrDisc.Center.X,InscrDisc.Center.Y,InscrDisc.Radius,GeodesicElongation,AverageThickness
1,2474,465.364,0.144,1,2618,2685,75,162,2652.094,118.842,2652.094,118.842,53.855,37.568,83.803,1.434,5018,0.493,89.157,66.886,2651.500,118.500,87.000,67.000,90.000,1.299,190.414,2.136,2668,84,6,15.868,9.878
2,833,202.717,0.255,1,2327,2376,76,120,2355.435,94.621,2355.435,94.621,28.801,22.596,35.442,1.275,1582,0.527,49.497,8.130,2353.547,95.686,45.581,43.208,49.185,1.055,82.414,1.665,2360,114,6,6.868,7.682
3,915,178.925,0.359,1,2822,2833,76,160,2827.462,118.276,2827.462,118.276,48.163,6.303,89.906,7.641,921,0.993,84.593,96.789,2827.500,118.000,84.000,11.000,90.000,7.636,86.214,1.019,2827,88,6,7.185,10.632
4,899,216.736,0.240,1,2436,2476,98,160,2463.034,123.268,2463.034,123.268,38.226,19.006,66.782,2.011,1837,0.489,66.310,66.915,2456.000,129.000,62.000,40.000,90.000,1.550,92.814,1.400,2465,105,6,7.735,7.957
5,819,190.936,0.282,1,2499,2538,98,160,2525.311,123.364,2525.311,123.364,39.412,15.681,68.552,2.513,1633,0.502,66.708,66.125,2526.799,127.049,66.358,35.625,56.929,1.863,82.214,1.232,2526,105,6,6.851,7.943
6,917,195.514,0.301,1,2534,2574,98,161,2561.442,123.583,2561.442,123.583,39.108,16.258,69.542,2.405,1688,0.543,67.119,65.344,2562.853,126.962,66.345,36.666,56.634,1.809,83.414,1.243,2562,105,6,6.951,9.203
7,1392,294.921,0.201,1,2695,2748,98,162,2719.251,129.965,2719.251,129.965,40.584,31.133,88.604,1.304,2826,0.493,65.000,104.250,2721.383,129.947,64.183,52.500,87.797,1.223,120.814,1.859,2701,121,6,10.068,8.894
8,1046,221.639,0.268,1,2755,2810,98,160,2790.727,121.297,2790.727,121.297,41.990,21.421,53.942,1.960,2136,0.490,74.411,48.814,2793.250,124.250,74.246,42.426,45.000,1.750,95.014,1.277,2800,125,7,6.787,9.088
9,2264,286.511,0.347,1,2845,2901,98,162,2871.971,126.925,2871.971,126.925,34.223,29.954,-85.357,1.142,2958,0.765,65.000,75.750,2873.000,130.000,64.000,56.000,90.000,1.143,106.014,1.631,2870,114,17,3.118,14.268
10,586,134.204,0.409,1,2490,2502,99,160,2495.838,130.333,2495.838,130.333,34.670,5.656,89.305,6.130,657,0.892,61.522,82.528,2496.336,129.494,61.129,11.722,89.012,5.215,62.814,1.021,2497,112,7,4.487,8.135
11,873,203.733,0.264,1,2326,2381,115,161,2358.562,142.554,2358.562,142.554,34.930,20.790,-30.949,1.680,1746,0.500,55.579,171.724,2356.796,141.279,55.155,39.230,145.408,1.406,82.014,1.476,2373,128,6,6.835,7.864
12,868,200.131,0.272,1,2754,2797,122,162,2774.115,142.573,2774.115,142.573,25.759,22.379,-36.807,1.151,1422,0.610,51.614,144.462,2776.827,143.135,47.460,37.458,168.690,1.267,79.214,1.535,2762,135,6,6.601,8.078
13,1024,172.435,0.433,1,254,288,165,236,272.793,197.697,272.793,197.697,41.026,8.278,70.923,4.956,1093,0.937,78.294,65.072,273.717,199.365,77.935,16.419,70.560,4.747,77.814,0.994,286,226,10,3.891,12.202
14,998,171.650,0.426,1,287,320,165,236,301.845,197.761,301.845,197.761,41.385,7.994,-71.222,5.177,1050,0.950,78.294,114.928,301.250,199.750,77.792,16.128,108.435,4.824,77.814,0.994,287,226,10,3.891,11.810
15,1164,202.201,0.358,1,385,446,165,236,415.166,200.219,415.166,200.219,49.797,7.981,55.460,6.239,1293,0.900,93.606,49.332,415.406,200.562,92.807,16.353,56.821,5.675,93.414,0.998,414,194,10,4.671,10.388
16,526,98.812,0.677,1,414,445,165,199,428.183,180.150,428.183,180.150,20.988,8.377,-54.599,2.506,550,0.956,41.400,127.147,428.499,178.884,41.301,16.224,123.179,2.546,41.414,1.000,416,193,9,2.301,11.021
17,1089,179.234,0.426,1,486,512,165,237,496.729,199.570,496.729,199.570,40.942,11.641,-87.138,3.517,1536,0.709,72.691,97.907,497.867,200.519,72.426,25.123,93.013,2.883,76.414,1.051,495,181,8,4.776,12.324
18,1051,174.887,0.432,1,507,532,165,238,521.530,202.430,521.530,202.430,40.105,10.998,-87.828,3.647,1416,0.742,73.437,96.254,520.889,202.128,73.360,23.682,93.633,3.098,76.414,1.041,523,185,8,4.776,11.375
19,1239,196.720,0.402,1,545,577,165,236,566.632,196.958,566.632,196.958,38.603,14.673,83.978,2.631,1687,0.734,72.007,99.593,561.000,200.500,71.000,32.000,90.000,2.219,73.414,1.020,567,178,10,3.671,12.880
20,1342,216.427,0.360,1,328,372,166,236,340.374,207.342,340.374,207.342,44.651,17.890,73.855,2.496,2178,0.616,82.152,58.438,338.469,206.244,81.682,42.743,64.573,1.911,92.214,1.122,335,173,8,5.763,13.136
21,379,76.860,0.806,1,454,481,203,218,467.521,210.943,467.521,210.943,15.587,8.115,-0.825,1.921,390,0.972,30.414,152.592,467.500,210.500,27.000,15.000,0.000,1.800,30.014,0.987,460,210,7,2.144,12.875
22,375,74.964,0.839,1,598,625,204,218,611.535,210.983,611.535,210.983,15.477,8.031,-0.294,1.927,375,1.000,29.967,154.290,611.500,211.000,27.000,14.000,0.000,1.929,29.814,0.995,604,210,7,2.130,13.000
23,2912,219.743,0.758,1,199,246,345,427,218.756,389.439,218.756,389.439,43.880,22.363,80.125,1.962,2984,0.976,85.000,64.942,221.859,385.486,82.574,46.603,87.709,1.772,85.614,1.007,221,399,22,1.946,31.108
24,3596,251.461,0.715,1,318,372,345,435,343.873,386.858,343.873,386.858,48.497,24.781,89.647,1.957,3955,0.909,93.005,106.876,342.849,388.676,91.319,52.054,94.289,1.754,94.614,1.017,339,374,22,2.150,29.586
25,7754,406.966,0.588,1,484,563,345,514,525.100,425.250,525.100,425.250,80.590,32.579,80.567,2.474,8330,0.931,170.696,81.917,530.046,427.650,170.081,66.003,77.053,2.577,172.814,1.012,525,409,31,2.787,38.141
26,4941,359.254,0.481,1,801,932,345,401,864.072,366.714,864.072,366.714,66.622,26.831,-5.613,2.483,5706,0.866,135.558,158.356,866.500,373.000,131.000,56.000,0.000,2.339,136.214,1.005,842,369,25,2.724,25.556
27,22989,601.560,0.798,1,937,1079,345,567,1000.065,435.867,1000.065,435.867,114.453,68.108,-76.142,1.680,23373,0.984,236.783,111.038,1000.000,453.500,231.224,141.563,98.130,1.633,238.414,1.007,1004,412,68,1.753,86.898
28,26971,688.995,0.714,1,1076,1275,345,566,1183.173,431.756,1183.173,431.756,117.013,81.433,69.443,1.437,28456,0.948,249.359,59.115,1195.734,425.107,249.015,162.840,62.124,1.529,244.414,0.980,1187,415,71,1.721,78.473
29,2114,177.243,0.846,1,1252,1310,345,396,1283.822,367.362,1283.822,367.362,29.035,24.456,42.858,1.187,2205,0.959,66.573,32.735,1284.905,363.893,57.841,49.543,68.459,1.167,66.414,0.998,1286,367,23,1.444,23.542
30,2936,256.824,0.559,1,1331,1445,345,388,1389.137,360.753,1389.137,360.753,51.152,21.435,3.553,2.386,3109,0.944,114.070,177.990,1388.000,366.500,114.000,43.000,0.000,2.651,114.414,1.003,1394,365,21,2.724,19.771
31,15811,566.128,0.620,1,1441,1615,345,512,1514.546,416.412,1514.546,416.412,109.152,52.997,-50.419,2.060,18389,0.860,212.050,139.399,1514.612,410.087,210.801,115.979,130.786,1.818,211.614,0.998,1493,444,43,2.461,56.688
32,2245,263.258,0.407,1,2321,2442,345,379,2371.110,357.464,2371.110,357.464,55.587,15.248,-5.318,3.645,2435,0.922,121.037,178.580,2381.672,361.962,121.027,33.343,179.318,3.630,121.814,1.006,2351,361,16,3.807,14.961
33,381,75.138,0.848,1,676,702,346,368,689.563,357.098,689.563,357.098,12.803,9.722,-38.721,1.317,405,0.941,26.173,173.418,689.750,356.750,25.456,20.506,135.000,1.241,26.014,0.994,687,359,9,1.445,12.259
34,399,75.464,0.880,1,2051,2077,346,367,2063.031,355.302,2063.031,355.302,12.883,10.251,-21.312,1.257,419,0.952,26.926,158.199,2064.000,356.500,26.000,21.000,0.000,1.238,27.614,1.026,2061,355,10,1.381,12.879
35,893,200.131,0.280,2,2264,2323,346,383,2293.128,358.742,2293.128,358.742,34.727,12.241,11.288,2.837,1560,0.572,62.426,35.218,2293.000,358.500,60.400,33.204,18.435,1.819,66.414,1.064,2300,355,8,4.151,7.994
36,2652,195.649,0.871,1,2440,2499,346,404,2471.199,372.982,2471.199,372.982,31.496,28.148,44.648,1.119,2784,0.953,67.676,34.160,2468.874,375.400,59.829,57.834,86.269,1.035,66.814,0.987,2467,370,25,1.336,31.458
37,830,107.182,0.908,1,2114,2150,352,386,2130.995,369.034,2130.995,369.034,18.912,14.278,-33.706,1.325,857,0.968,39.000,157.380,2130.500,369.000,37.477,28.991,135.000,1.293,37.814,0.970,2132,367,13,1.454,21.194
38,667,103.159,0.788,1,1898,1931,353,387,1915.191,368.590,1915.191,368.590,20.815,10.393,48.896,2.003,693,0.962,42.521,48.814,1915.030,367.439,42.436,21.218,52.431,2.000,42.214,0.993,1914,366,10,2.111,16.028
39,1060,132.847,0.755,1,2174,2223,354,385,2198.692,370.264,2198.692,370.264,25.440,13.510,-18.741,1.883,1136,0.933,54.120,152.488,2198.518,371.743,53.923,29.462,157.380,1.830,53.414,0.987,2204,367,13,2.054,17.921
40,9917,379.405,0.866,1,2547,2655,364,489,2597.951,430.119,2597.951,430.119,61.736,53.116,-86.507,1.162,10258,0.967,130.292,107.879,2599.918,425.717,124.421,107.432,87.955,1.158,129.614,0.995,2599,429,47,1.379,61.940
41,2116,180.749,0.814,1,249,303,367,430,278.214,401.716,278.214,401.716,29.579,24.004,62.638,1.232,2287,0.925,65.521,74.055,278.427,403.159,60.752,48.570,51.340,1.251,66.814,1.020,277,401,21,1.591,27.031
42,888,122.906,0.739,1,1608,1641,378,419,1625.676,397.740,1625.676,397.740,19.881,14.950,57.497,1.330,963,0.922,44.011,68.682,1626.524,395.368,42.817,31.180,55.305,1.373,42.214,0.959,1627,396,14,1.508,14.032
43,1106,130.300,0.819,1,695,734,383,430,712.914,406.145,712.914,406.145,22.653,16.681,61.639,1.358,1173,0.943,49.041,69.717,714.728,403.978,48.833,34.752,64.440,1.405,50.014,1.020,714,407,15,1.667,21.650
44,396,79.256,0.792,1,1960,1983,385,412,1971.263,397.851,1971.263,397.851,15.875,8.140,51.429,1.950,416,0.952,34.059,49.764,1972.500,398.500,33.941,18.385,45.000,1.846,34.014,0.999,1970,396,9,1.890,11.444
45,31283,729.162,0.739,1,1257,1427,386,669,1332.030,520.853,1332.030,520.853,139.696,72.632,-75.733,1.923,32889,0.951,285.049,106.718,1322.433,528.181,284.848,151.898,109.041,1.875,289.614,1.016,1334,495,71,2.040,88.808
46,40394,782.332,0.829,1,2278,2549,390,604,2410.390,482.844,2410.390,482.844,132.268,100.072,-0.493,1.322,41819,0.966,272.107,171.334,2409.756,499.258,270.042,213.297,6.520,1.266,277.414,1.020,2399,486,94,1.476,111.784
47,8682,351.328,0.884,1,403,500,391,515,453.479,453.446,453.479,453.446,59.708,46.826,-86.068,1.275,9023,0.962,125.160,97.806,451.490,453.176,124.784,96.480,93.366,1.293,127.814,1.021,453,449,46,1.389,69.435
48,1346,139.781,0.866,1,1269,1307,393,445,1287.868,418.822,1287.868,418.822,27.031,15.931,-61.050,1.697,1388,0.970,56.859,113.860,1288.434,418.262,55.846,33.394,124.695,1.672,56.814,0.999,1287,427,19,1.495,26.444
49,622,98.122,0.812,1,2241,2271,395,424,2256.211,411.029,2256.211,411.029,15.792,12.849,28.130,1.229,662,0.940,32.802,37.569,2256.656,412.287,32.521,28.808,50.194,1.129,32.814,1.000,2254,410,12,1.367,14.471
50,16752,589.056,0.607,1,2022,2178,396,557,2091.978,477.194,2091.978,477.194,93.117,63.002,58.998,1.478,19904,0.842,197.649,48.487,2096.624,478.837,173.830,144.441,80.256,1.203,197.014,0.997,2103,482,70,1.407,46.789
51,33593,676.031,0.924,1,734,936,402,624,833.344,508.672,833.344,508.672,114.694,94.174,56.364,1.218,34307,0.979,239.708,54.851,825.820,502.516,233.923,192.311,39.806,1.216,239.614,1.000,839,517,90,1.331,152.948
52,30249,808.917,0.581,1,1682,1893,402,620,1789.269,505.760,1789.269,505.760,115.263,86.347,67.654,1.335,34158,0.886,234.267,51.760,1793.514,504.160,227.746,183.948,72.575,1.238,227.414,0.971,1787,494,76,1.496,71.955
53,956,122.581,0.800,1,573,607,403,447,588.691,426.493,588.691,426.493,24.581,12.588,58.554,1.953,992,0.964,49.649,55.670,588.480,427.140,49.600,25.800,53.130,1.922,49.414,0.995,584,420,12,2.059,17.684
54,3590,276.094,0.592,1,1917,1990,403,498,1954.281,458.360,1954.281,458.360,44.755,30.937,76.586,1.447,4287,0.837,97.801,73.974,1947.500,455.000,97.714,64.827,71.565,1.507,98.414,1.006,1948,458,25,1.968,29.141
55,615,92.989,0.894,1,1596,1623,405,436,1609.376,422.199,1609.376,422.199,15.893,12.601,58.047,1.261,640,0.961,34.000,61.928,1608.967,423.139,32.905,26.376,39.806,1.248,33.814,0.995,1608,422,12,1.409,18.098
56,8316,345.656,0.875,1,2809,2912,408,514,2864.677,462.138,2864.677,462.138,61.965,43.802,-48.668,1.415,8498,0.979,132.382,137.755,2869.361,464.670,125.876,92.664,115.201,1.358,131.814,0.996,2869,459,43,1.533,52.935
57,12896,434.511,0.858,1,2131,2274,415,549,2203.924,475.995,2203.924,475.995,69.788,60.021,-8.461,1.163,13492,0.956,145.000,170.473,2203.188,474.557,139.714,123.906,137.726,1.128,148.014,1.021,2211,472,56,1.322,68.524
58,717,98.582,0.927,1,1985,2013,423,458,1998.688,440.249,1998.688,440.249,16.804,13.678,86.445,1.229,743,0.965,35.735,72.072,1999.000,440.500,35.000,28.000,90.000,1.250,36.414,1.019,1998,438,13,1.401,17.879
59,933,111.625,0.941,1,619,656,425,458,638.203,440.680,638.203,440.680,19.801,15.163,27.203,1.306,961,0.971,40.000,53.130,638.399,439.830,39.147,30.749,28.301,1.273,39.414,0.985,635,440,16,1.232,23.476
60,108,39.073,0.889,1,1630,1645,430,440,1637.213,435.333,1637.213,435.333,7.329,4.772,4.533,1.536,113,0.956,15.297,11.310,1637.500,435.000,15.000,10.000,0.000,1.500,15.814,1.034,1636,435,5,1.581,7.296
61,1672,200.877,0.521,1,201,228,435,528,211.328,478.585,211.328,478.585,43.808,13.476,-88.380,3.251,1725,0.969,93.086,87.537,214.500,481.500,93.000,27.000,90.000,3.444,94.014,1.010,213,468,13,3.616,14.570
62,14073,466.570,0.812,1,538,651,438,604,595.184,524.156,595.184,524.156,82.809,54.920,-88.131,1.508,14886,0.945,167.287,78.623,593.573,519.392,167.084,108.749,83.480,1.536,170.814,1.021,597,530,53,1.611,69.117
63,5624,313.001,0.721,1,644,710,439,570,678.706,504.865,678.706,504.865,60.045,30.862,-89.048,1.946,5919,0.950,131.061,88.251,677.000,504.500,131.000,66.000,90.000,1.985,131.814,1.006,674,514,33,1.997,40.454
64,21848,598.425,0.767,2,1012,1198,439,639,1102.227,548.610,1102.227,548.610,102.251,75.014,59.804,1.363,23234,0.940,207.849,73.222,1089.707,556.386,206.161,158.168,62.734,1.303,198.214,0.954,1091,549,63,1.573,86.866
65,1450,157.956,0.730,1,1639,1679,443,496,1662.046,471.703,1662.046,471.703,26.377,19.018,-87.101,1.387,1587,0.914,55.714,111.038,1658.729,470.335,53.446,39.447,85.764,1.355,54.414,0.977,1660,467,15,1.814,20.276
66,5022,279.331,0.809,1,318,421,448,521,371.814,488.285,371.814,488.285,49.927,33.653,-5.481,1.484,5340,0.940,103.238,3.888,369.903,483.320,103.237,72.325,3.731,1.427,103.814,1.006,375,485,31,1.674,47.111
67,1049,129.054,0.791,1,1550,1581,451,503,1564.699,478.341,1564.699,478.341,24.612,13.938,-79.672,1.766,1098,0.955,52.469,97.667,1565.698,478.371,50.553,29.413,113.199,1.719,53.614,1.022,1566,475,14,1.915,19.256
68,1935,185.462,0.707,1,1588,1648,452,515,1618.436,480.835,1618.436,480.835,39.151,16.653,47.083,2.351,2113,0.916,73.878,39.508,1620.500,481.500,73.539,35.355,45.000,2.080,73.214,0.991,1607,469,17,2.153,24.561
69,12702,465.443,0.737,1,215,326,455,642,272.854,541.607,272.854,541.607,89.960,46.677,82.326,1.927,13601,0.934,187.771,84.806,273.135,547.133,184.173,100.135,73.571,1.839,190.614,1.015,264,516,43,2.216,65.176
70,490,83.278,0.888,1,2768,2799,455,477,2782.512,465.673,2782.512,465.673,15.094,10.418,10.409,1.449,511,0.959,32.016,14.470,2783.327,465.865,31.967,21.573,11.310,1.482,32.814,1.025,2781,465,11,1.492,14.296
71,478,85.960,0.813,1,1683,1712,471,497,1696.088,486.046,1696.088,486.046,16.289,9.803,30.580,1.662,504,0.948,34.205,37.875,1696.445,487.317,33.729,20.725,28.301,1.627,29.014,0.848,1701,479,17,0.853,12.205
72,1269,160.543,0.619,1,1998,2050,484,528,2022.019,507.922,2022.019,507.922,24.784,17.904,24.938,1.384,1485,0.855,60.208,32.106,2022.483,513.073,54.484,38.690,57.995,1.408,57.614,0.957,2034,500,20,1.440,17.284
73,811,107.372,0.884,1,470,505,499,530,487.009,516.432,487.009,516.432,17.781,15.356,24.469,1.158,842,0.963,38.897,43.958,487.835,514.297,35.314,30.667,2.490,1.152,38.614,0.993,486,515,14,1.379,18.802
74,246,58.724,0.896,1,1541,1561,501,519,1550.825,509.134,1550.825,509.134,10.536,7.678,-28.275,1.372,258,0.953,21.633,146.310,1551.040,507.903,21.448,16.463,138.814,1.303,21.814,1.008,1550,508,7,1.558,10.152
75,733,134.799,0.507,1,1653,1670,505,565,1660.908,534.389,1660.908,534.389,33.303,7.487,-85.546,4.448,828,0.885,61.188,101.310,1660.003,534.837,60.777,16.374,94.667,3.712,62.614,1.023,1660,522,8,3.913,11.641
76,7334,466.840,0.423,1,2550,2676,514,622,2616.527,576.153,2616.527,576.153,59.917,45.245,27.504,1.324,9654,0.760,129.449,20.815,2617.881,578.543,112.066,104.186,63.034,1.076,131.614,1.017,2611,573,32,2.056,30.435
77,747,112.315,0.744,1,1611,1648,520,553,1629.124,535.740,1629.124,535.740,21.091,11.920,31.641,1.769,826,0.904,43.829,34.778,1629.950,535.650,42.058,25.931,18.435,1.622,43.814,1.000,1623,531,11,1.992,14.505
78,7978,341.768,0.858,1,2227,2349,523,609,2286.448,569.797,2286.448,569.797,63.049,40.948,21.663,1.540,8160,0.978,130.599,27.350,2288.000,566.000,122.000,86.000,0.000,1.419,129.814,0.994,2280,568,41,1.583,59.024
79,14803,473.909,0.828,1,2760,2894,523,681,2831.346,597.846,2831.346,597.846,80.214,59.592,64.517,1.346,15345,0.965,172.722,65.364,2837.208,600.024,172.706,121.138,64.573,1.426,172.014,0.996,2836,594,57,1.509,71.296
80,21890,603.249,0.756,1,395,582,527,699,482.777,605.642,482.777,605.642,95.734,74.959,43.715,1.277,23918,0.915,203.404,37.208,484.140,599.175,190.059,157.118,64.942,1.210,202.614,0.996,486,615,68,1.490,78.266
81,686,99.002,0.880,1,1508,1544,527,552,1527.427,539.388,1527.427,539.388,18.850,11.776,-11.650,1.601,710,0.966,37.947,161.565,1526.635,540.173,37.654,24.122,168.690,1.561,38.614,1.018,1529,539,12,1.609,18.889
82,759,100.018,0.953,1,1860,1890,529,562,1875.455,544.951,1875.455,544.951,17.642,13.854,56.398,1.273,776,0.978,36.401,52.815,1876.365,544.084,36.358,28.938,57.995,1.256,36.414,1.000,1861,533,29,0.628,23.205
83,6132,384.229,0.522,1,1989,2145,534,595,2061.344,566.185,2061.344,566.185,85.406,24.891,6.477,3.431,7172,0.855,157.277,172.694,2066.268,568.842,152.761,52.651,10.098,2.901,160.214,1.019,2022,558,24,3.338,33.910
84,1379,179.044,0.541,1,1692,1723,537,615,1706.646,576.093,1706.646,576.093,38.726,12.389,80.819,3.126,1577,0.874,80.777,74.932,1705.482,576.437,79.813,28.009,83.797,2.850,82.414,1.020,1706,565,12,3.434,15.918
85,2822,209.937,0.805,1,2469,2525,537,609,2498.273,573.174,2498.273,573.174,40.803,22.725,-66.372,1.796,3008,0.938,82.662,124.651,2498.150,573.950,78.760,45.168,105.255,1.744,82.614,0.999,2502,557,22,1.878,35.963
86,1193,175.942,0.484,2,732,776,538,595,749.510,571.308,749.510,571.308,31.398,13.825,60.577,2.271,1430,0.834,66.843,51.072,745.359,572.416,66.824,33.351,52.431,2.004,66.614,0.997,747,572,12,2.776,12.833
87,10103,422.539,0.711,1,1532,1630,544,708,1571.697,618.404,1571.697,618.404,75.626,45.336,-82.658,1.668,10699,0.944,169.293,104.365,1581.000,626.000,164.000,98.000,90.000,1.673,172.614,1.020,1575,621,43,2.007,48.502
88,566,121.891,0.479,1,1900,1935,544,582,1912.507,567.412,1912.507,567.412,17.605,15.004,63.473,1.173,768,0.737,40.460,50.013,1910.082,568.536,40.459,32.702,50.389,1.237,42.014,1.038,1910,568,9,2.334,8.724
89,1038,120.915,0.892,1,693,731,558,599,711.180,576.998,711.180,576.998,21.265,16.029,-60.326,1.327,1094,0.949,42.953,114.775,709.615,576.077,42.712,33.282,123.690,1.283,41.814,0.973,709,576,15,1.394,22.462
90,1704,163.319,0.803,1,643,697,560,604,669.282,583.406,669.282,583.406,26.449,21.190,-10.714,1.248,1809,0.942,55.973,161.241,667.422,581.877,55.920,42.800,163.740,1.307,55.614,0.994,667,581,20,1.390,20.990
91,2842,211.738,0.797,1,2136,2189,561,639,2163.609,604.209,2163.609,604.209,38.839,24.683,-84.979,1.573,3034,0.937,79.624,78.408,2166.922,602.181,77.339,52.785,113.199,1.465,81.414,1.022,2163,611,24,1.696,34.213
92,5499,390.266,0.454,1,1619,1691,562,710,1652.447,638.308,1652.447,638.308,81.195,22.742,74.629,3.570,6268,0.877,151.634,77.430,1650.245,638.385,151.345,49.402,73.887,3.064,154.814,1.021,1660,680,21,3.686,25.067
93,338,67.324,0.937,1,1666,1689,567,588,1678.373,577.808,1678.373,577.808,12.233,8.928,-46.321,1.370,346,0.977,25.000,126.870,1679.000,578.000,24.962,18.305,123.690,1.364,25.014,1.001,1680,574,8,1.563,14.481
94,20123,660.862,0.579,1,255,398,569,797,328.568,687.076,328.568,687.076,117.299,60.117,-77.336,1.951,23682,0.850,228.316,93.013,323.649,681.153,227.666,136.724,97.334,1.665,230.614,1.010,320,723,55,2.096,64.670
95,8265,410.988,0.615,1,2191,2284,569,720,2238.167,644.861,2238.167,644.861,80.497,34.669,66.749,2.322,9318,0.887,161.003,67.736,2240.135,643.173,158.462,78.643,78.690,2.015,161.814,1.005,2237,637,33,2.452,46.636
96,2874,206.145,0.850,1,1195,1258,570,627,1225.518,600.548,1225.518,600.548,32.790,29.052,-0.986,1.129,3049,0.943,69.405,143.791,1225.721,598.153,64.216,56.775,176.532,1.131,68.614,0.989,1223,599,25,1.372,35.598
97,6702,325.472,0.795,1,1945,2046,581,694,1992.088,638.440,1992.088,638.440,64.744,33.888,-52.740,1.911,7058,0.950,124.844,139.548,1990.644,639.081,123.920,65.511,127.405,1.892,124.614,0.998,1976,657,32,1.947,55.607
98,1604,149.626,0.900,1,924,974,582,632,948.201,603.279,948.201,603.279,23.240,22.656,-5.509,1.026,1676,0.957,51.245,72.979,948.750,602.250,46.669,44.548,45.000,1.048,52.414,1.023,946,601,20,1.310,23.925
99,1188,133.172,0.842,1,2528,2574,584,618,2552.571,599.189,2552.571,599.189,23.608,16.724,1.338,1.412,1248,0.952,47.074,12.265,2551.000,601.000,46.000,34.000,0.000,1.353,48.214,1.024,2555,599,16,1.507,24.885
100,3881,321.046,0.473,1,1862,1936,588,684,1896.090,625.841,1896.090,625.841,53.616,28.395,-61.299,1.888,4624,0.839,108.453,122.957,1890.500,632.500,107.778,61.268,116.565,1.759,111.014,1.024,1902,619,24,2.313,27.256
101,1897,191.055,0.653,1,756,828,589,645,793.226,617.106,793.226,617.106,41.434,14.772,37.411,2.805,2001,0.948,84.380,31.430,791.855,617.441,83.988,31.626,38.928,2.656,84.214,0.998,787,604,17,2.477,20.290
102,668,97.796,0.878,1,601,638,594,620,619.780,607.452,619.780,607.452,18.039,11.941,5.285,1.511,689,0.970,38.079,13.671,619.441,607.765,36.380,25.466,165.964,1.429,39.014,1.025,614,602,14,1.393,17.417
103,707,102.049,0.853,1,1831,1864,594,628,1847.493,609.062,1847.493,609.062,18.236,12.688,-48.736,1.437,735,0.962,39.115,122.471,1848.000,608.000,38.184,25.456,135.000,1.500,39.014,0.997,1846,594,15,1.300,16.472
104,2513,210.341,0.714,1,1700,1754,599,682,1730.197,639.558,1730.197,639.558,36.802,23.178,87.708,1.588,2819,0.891,83.295,94.821,1730.610,639.450,75.123,49.747,65.821,1.510,84.614,1.016,1729,635,22,1.923,25.632
105,20923,616.410,0.692,1,1005,1199,600,807,1095.958,699.460,1095.958,699.460,125.425,54.443,48.183,2.304,22321,0.937,254.810,47.545,1102.823,701.711,252.771,117.224,37.185,2.156,253.014,0.993,1089,690,57,2.219,76.255
106,5837,309.344,0.767,1,2048,2136,600,702,2092.658,644.035,2092.658,644.035,49.805,40.864,-85.897,1.219,6373,0.916,108.337,113.962,2097.910,646.234,101.308,82.845,72.838,1.223,108.214,0.999,2095,641,34,1.591,46.482
107,2559,188.889,0.901,1,668,736,603,656,701.323,628.969,701.323,628.969,33.494,24.524,-17.726,1.366,2630,0.973,69.857,166.759,701.718,630.729,69.852,50.328,167.471,1.388,71.414,1.022,700,629,24,1.488,29.565
108,19211,553.069,0.789,1,2367,2543,604,776,2466.403,694.719,2466.403,694.719,96.543,67.515,-42.558,1.430,20018,0.960,204.685,146.155,2477.597,701.282,204.644,141.891,145.008,1.442,202.014,0.987,2464,702,64,1.578,84.171
109,784,112.775,0.775,1,741,780,607,640,759.158,623.883,759.158,623.883,20.889,12.272,34.914,1.702,831,0.943,43.417,28.926,759.500,626.000,41.719,26.163,45.000,1.595,43.014,0.991,760,627,13,1.654,16.253
110,478,89.657,0.747,1,1369,1394,610,642,1380.929,626.707,1380.929,626.707,14.578,11.306,-88.536,1.289,527,0.907,32.140,84.644,1380.865,625.327,31.967,24.711,78.690,1.294,32.814,1.021,1382,626,10,1.641,10.917
111,3447,240.909,0.746,1,2659,2715,611,705,2691.660,654.035,2691.660,654.035,46.076,25.788,79.714,1.787,3693,0.933,94.895,82.126,2686.914,658.277,94.246,55.397,88.831,1.701,96.814,1.020,2686,649,24,2.017,33.411
112,4129,278.411,0.669,1,559,627,614,715,590.607,665.957,590.607,665.957,51.708,26.931,-77.712,1.920,4744,0.870,102.259,99.002,591.183,664.382,101.024,60.592,110.410,1.667,102.814,1.005,582,650,26,1.977,33.067
113,7526,354.565,0.752,1,2288,2373,614,754,2331.864,678.203,2331.864,678.203,66.127,37.356,84.941,1.770,8041,0.936,140.129,92.454,2335.447,681.435,131.937,79.085,69.326,1.668,141.414,1.009,2327,665,36,1.964,49.736
114,25593,672.778,0.711,1,1713,1878,615,875,1799.676,749.165,1799.676,749.165,120.922,69.776,89.041,1.733,27745,0.922,261.297,95.711,1800.645,746.277,243.266,152.963,69.167,1.590,265.414,1.016,1805,747,69,1.923,75.960
115,1146,133.442,0.809,1,2358,2399,618,667,2378.253,643.027,2378.253,643.027,27.519,13.536,54.790,2.033,1173,0.977,53.310,66.801,2377.520,641.628,53.009,26.853,54.462,1.974,53.414,1.002,2381,647,13,2.054,20.892
116,22173,664.138,0.632,1,1164,1302,622,880,1233.178,745.463,1233.178,745.463,125.299,59.441,83.481,2.108,24467,0.906,258.936,94.874,1229.875,751.643,248.533,121.133,77.125,2.052,262.214,1.013,1222,697,54,2.428,68.835
117,1042,133.632,0.733,1,2617,2654,625,674,2635.435,649.287,2635.435,649.287,27.446,12.411,-63.434,2.211,1091,0.955,53.712,118.951,2635.184,647.814,53.552,24.545,112.834,2.182,53.414,0.994,2630,659,12,2.226,20.500
118,1348,138.210,0.887,1,731,766,633,686,748.225,657.413,748.225,657.413,25.649,16.968,-88.182,1.512,1397,0.965,53.600,98.584,748.414,659.427,52.911,34.171,85.426,1.548,54.814,1.023,746,651,16,1.713,28.583
119,11046,410.742,0.823,1,867,979,639,785,923.565,715.865,923.565,715.865,74.320,49.589,-79.277,1.499,11838,0.933,148.476,100.477,927.600,716.974,147.832,104.829,106.504,1.410,150.214,1.012,931,714,44,1.707,70.660
120,1890,235.871,0.427,1,661,729,640,710,685.444,679.906,685.444,679.906,40.870,19.672,49.567,2.078,2582,0.732,92.698,42.814,684.107,683.795,91.573,46.717,54.118,1.960,92.614,0.999,679,683,15,3.087,15.953
121,1394,162.859,0.660,1,795,841,644,697,815.628,667.769,815.628,667.769,28.534,17.134,-57.588,1.665,1544,0.903,63.008,125.961,813.344,666.647,62.446,35.083,118.301,1.780,63.014,1.000,814,664,16,1.969,17.391
122,23166,594.554,0.824,1,1297,1463,647,856,1386.890,743.919,1386.890,743.919,102.828,74.814,82.271,1.374,24243,0.956,211.811,79.114,1399.530,745.106,203.525,162.674,61.314,1.251,216.214,1.021,1385,727,72,1.501,102.436
123,12317,545.833,0.520,1,1550,1703,653,831,1627.034,737.906,1627.034,737.906,86.817,52.658,55.640,1.649,15904,0.774,183.120,76.419,1644.899,730.069,165.527,129.481,48.775,1.278,186.814,1.020,1602,713,39,2.395,42.104
124,707,108.943,0.749,1,2771,2802,664,701,2784.649,685.513,2784.649,685.513,19.562,12.943,66.317,1.511,787,0.898,39.925,67.932,2783.334,685.902,39.923,26.846,67.380,1.487,39.614,0.992,2781,685,11,1.801,14.037
125,8903,373.026,0.804,1,2103,2192,665,803,2146.271,730.648,2146.271,730.648,72.461,40.103,-75.285,1.807,9306,0.957,148.486,117.255,2142.031,730.616,145.038,83.153,101.611,1.744,148.014,0.997,2143,722,38,1.948,58.957
126,678,95.115,0.942,1,1277,1309,670,699,1291.450,682.907,1291.450,682.907,16.185,13.780,-29.695,1.175,694,0.977,34.176,159.444,1290.750,681.250,33.234,28.284,135.000,1.175,34.614,1.013,1289,682,13,1.331,19.784
127,1564,169.142,0.687,1,2010,2072,676,717,2039.356,699.134,2039.356,699.134,30.528,17.914,7.686,1.704,1775,0.881,62.290,174.472,2041.103,699.735,57.784,38.368,21.251,1.506,63.214,1.015,2029,697,15,2.107,20.619
128,1113,129.285,0.837,1,499,552,689,720,525.779,704.592,525.779,704.592,25.403,14.245,11.208,1.783,1146,0.971,53.935,10.685,526.255,703.168,53.787,29.824,14.931,1.803,55.214,1.024,521,702,14,1.972,19.583
129,6819,370.424,0.625,1,706,809,689,805,758.603,749.261,758.603,749.261,54.960,42.043,41.914,1.307,8258,0.826,123.369,70.096,757.341,744.180,110.348,88.334,27.860,1.249,124.614,1.010,752,770,44,1.416,33.627
130,30337,754.199,0.670,1,388,602,691,959,487.581,834.751,487.581,834.751,118.949,88.705,55.409,1.341,34365,0.883,284.886,69.020,476.393,829.883,249.779,173.294,39.165,1.441,287.414,1.009,479,837,80,1.796,87.382
131,2045,206.184,0.604,1,1873,1911,693,776,1891.724,731.432,1891.724,731.432,40.512,16.785,-88.970,2.414,2247,0.910,83.600,96.870,1891.105,734.319,83.462,37.552,93.576,2.223,85.214,1.019,1887,735,19,2.242,21.792
132,1022,125.722,0.813,1,464,501,694,738,482.839,717.908,482.839,717.908,23.182,14.271,-60.179,1.624,1074,0.952,46.011,132.357,483.800,718.400,45.616,29.516,116.565,1.545,46.214,1.004,482,719,14,1.651,20.956
133,7029,339.491,0.766,1,961,1047,694,822,1005.322,763.777,1005.322,763.777,65.499,35.754,-72.212,1.832,7470,0.941,135.030,108.569,1009.896,763.384,135.026,73.809,108.178,1.829,136.814,1.013,1005,783,35,1.954,48.641
134,799,110.189,0.827,1,2537,2572,699,734,2553.099,714.402,2553.099,714.402,19.841,13.345,-44.101,1.487,837,0.955,43.278,130.314,2552.750,713.250,43.134,26.870,135.000,1.605,43.214,0.999,2553,712,13,1.662,16.655
135,12440,440.945,0.804,1,2698,2826,710,859,2764.033,780.473,2764.033,780.473,76.486,53.786,69.877,1.422,13160,0.945,151.648,38.306,2768.551,780.423,145.735,106.191,71.754,1.372,151.614,1.000,2771,790,50,1.516,71.769
136,925,111.855,0.929,1,1993,2028,714,750,2010.929,731.966,2010.929,731.966,18.349,16.285,45.481,1.127,953,0.971,39.051,50.194,2011.600,731.800,36.672,32.199,26.565,1.139,39.014,0.999,2009,729,15,1.300,25.718
137,5043,276.745,0.827,1,2179,2249,714,816,2216.542,768.581,2216.542,768.581,48.153,34.743,88.455,1.386,5300,0.952,102.489,84.401,2213.414,765.823,102.418,68.964,86.532,1.485,104.214,1.017,2212,771,33,1.579,44.600
138,19665,589.864,0.710,1,2581,2747,717,939,2664.252,820.400,2664.252,820.400,113.363,58.791,66.590,1.928,21523,0.914,222.812,85.108,2666.533,823.112,212.057,114.406,65.106,1.854,226.014,1.014,2643,777,52,2.173,75.700
139,4046,335.143,0.453,1,2030,2099,719,825,2068.806,768.008,2068.806,768.008,56.796,25.860,71.271,2.196,4861,0.832,114.018,68.385,2075.226,764.509,113.989,58.766,69.677,1.940,114.014,1.000,2065,758,20,2.850,23.195
140,748,101.684,0.909,1,495,521,723,760,506.939,740.484,506.939,740.484,18.963,12.680,81.909,1.495,764,0.979,38.601,73.443,508.000,741.500,37.000,26.000,90.000,1.423,38.614,1.000,507,740,13,1.485,19.515
141,642,94.790,0.898,1,2849,2879,735,766,2863.579,750.975,2863.579,750.975,15.481,13.352,-51.522,1.159,675,0.951,32.650,130.030,2863.123,751.852,32.649,27.144,129.806,1.203,31.614,0.968,2864,749,13,1.216,20.487
142,402,74.678,0.906,1,577,602,740,762,587.955,750.846,587.955,750.846,12.616,10.549,12.389,1.196,412,0.976,26.249,17.745,587.750,752.250,26.247,21.503,18.435,1.221,26.814,1.022,587,751,10,1.341,12.455
143,25572,669.652,0.717,1,1909,2071,740,979,1992.969,850.431,1992.969,850.431,125.027,66.820,61.839,1.871,27235,0.939,264.008,61.493,1997.828,847.393,259.019,144.682,50.194,1.790,260.414,0.986,1981,829,66,1.973,79.184
144,1573,167.532,0.704,1,637,670,742,811,653.290,776.754,653.290,776.754,36.325,13.960,-77.270,2.602,1643,0.957,72.125,106.928,654.013,776.591,71.600,28.153,100.008,2.543,73.414,1.018,656,761,14,2.622,22.647
145,5277,312.446,0.679,1,2248,2316,743,851,2281.930,798.419,2281.930,798.419,54.611,33.924,80.871,1.610,6024,0.876,112.004,60.001,2283.412,795.485,109.091,67.244,85.855,1.622,111.414,0.995,2286,787,28,1.990,35.720
146,2831,228.326,0.682,1,1535,1593,750,838,1560.627,797.645,1560.627,797.645,42.055,22.954,61.002,1.832,3104,0.912,92.049,72.943,1557.386,798.219,87.417,50.068,53.973,1.746,93.614,1.017,1556,799,22,2.128,27.381
147,972,120.455,0.842,1,2507,2545,751,790,2526.595,773.027,2526.595,773.027,20.089,16.182,-52.940,1.241,1037,0.937,44.418,121.185,2528.538,772.692,44.376,32.727,123.690,1.356,44.414,1.000,2526,773,15,1.480,18.541
148,18734,550.887,0.776,1,988,1160,755,931,1081.109,843.893,1081.109,843.893,86.206,71.991,53.158,1.197,20296,0.923,179.627,72.170,1081.318,847.533,173.375,146.927,49.316,1.180,183.214,1.020,1072,835,67,1.367,77.892
149,2351,193.371,0.790,1,565,634,757,814,599.478,783.241,599.478,783.241,37.745,20.471,-34.488,1.844,2470,0.952,75.180,151.390,602.580,781.440,74.400,42.200,143.130,1.763,74.414,0.990,595,785,20,1.860,28.820
150,42863,1062.448,0.477,1,2278,2521,758,1061,2394.145,914.183,2394.145,914.183,155.867,96.337,-88.074,1.618,51715,0.829,303.238,87.732,2395.534,913.575,291.198,216.994,110.556,1.342,307.214,1.013,2397,988,70,2.194,79.097
151,3233,234.761,0.737,1,696,779,765,830,735.885,801.617,735.885,801.617,44.581,24.495,32.125,1.820,3349,0.965,96.566,31.880,730.162,802.897,96.554,51.107,30.964,1.889,96.214,0.996,743,783,41,1.173,30.786
152,5611,358.587,0.548,1,625,738,772,881,686.960,834.269,686.960,834.269,53.020,41.733,47.717,1.270,6839,0.820,116.662,14.394,674.052,839.924,110.968,93.981,66.435,1.181,119.014,1.020,682,825,29,2.052,30.567
153,1435,140.526,0.913,1,2446,2492,777,818,2468.712,796.299,2468.712,796.299,22.079,21.343,-6.254,1.034,1487,0.965,47.634,39.036,2469.576,797.943,45.936,40.838,176.987,1.125,47.214,0.991,2467,796,19,1.242,27.609
154,6168,326.925,0.725,1,795,911,779,849,846.857,813.478,846.857,813.478,57.686,35.587,2.553,1.621,6532,0.944,120.905,20.833,853.000,814.000,116.000,70.000,0.000,1.657,122.014,1.009,833,814,34,1.794,41.808
155,323,71.671,0.790,1,2320,2337,787,815,2328.698,800.178,2328.698,800.178,13.847,7.741,81.930,1.789,350,0.923,28.071,94.086,2329.500,800.500,27.407,16.250,75.964,1.687,28.014,0.998,2336,797,11,1.273,11.185
156,782,123.461,0.645,1,2529,2563,788,832,2544.303,806.299,2544.303,806.299,26.028,10.728,-50.228,2.426,870,0.899,53.254,124.287,2542.082,807.209,52.533,22.967,133.727,2.287,53.214,0.999,2551,798,10,2.661,13.421
157,3816,258.664,0.717,1,208,277,789,878,244.901,834.163,244.901,834.163,43.609,28.879,-75.356,1.510,4170,0.915,89.022,88.713,241.585,833.743,87.124,61.803,103.736,1.410,90.214,1.013,242,839,26,1.735,32.927
158,6600,401.008,0.516,1,2806,2868,795,975,2835.489,878.374,2835.489,878.374,88.193,25.271,-82.525,3.490,7209,0.916,180.400,93.814,2833.847,885.188,178.317,53.799,102.529,3.315,182.614,1.012,2841,850,27,3.382,32.009
159,257,58.724,0.937,1,610,629,798,817,619.551,807.329,619.551,807.329,10.224,8.091,43.242,1.264,266,0.966,21.633,33.690,619.750,807.250,21.213,16.263,45.000,1.304,21.614,0.999,618,806,8,1.351,13.000
160,11562,497.677,0.587,1,2552,2674,803,984,2608.668,899.688,2608.668,899.688,97.773,39.853,72.096,2.453,13326,0.868,190.118,64.783,2603.799,893.863,190.107,86.750,65.400,2.191,190.214,1.001,2607,903,41,2.320,45.378
161,2227,181.686,0.848,1,2103,2171,805,845,2138.666,824.500,2138.666,824.500,36.102,19.865,11.024,1.817,2291,0.972,72.498,24.444,2137.011,824.262,68.922,39.622,2.726,1.739,72.614,1.002,2141,824,20,1.815,31.333
162,1738,200.226,0.545,1,1716,1749,812,901,1732.788,855.865,1732.788,855.865,45.713,12.467,75.170,3.667,1913,0.909,91.005,77.949,1733.550,856.150,90.441,27.512,71.565,3.287,93.014,1.022,1733,854,13,3.577,18.881
163,18345,533.704,0.809,1,1339,1516,816,975,1436.301,907.429,1436.301,907.429,87.835,71.899,-15.029,1.222,19592,0.936,182.168,14.952,1438.371,916.906,173.703,147.822,148.523,1.175,185.614,1.019,1442,914,61,1.521,81.680
164,11047,431.004,0.747,1,2175,2281,823,982,2221.000,894.279,2221.000,894.279,79.646,49.284,-88.196,1.616,12058,0.916,163.025,77.242,2230.086,900.564,160.880,103.278,86.547,1.558,165.214,1.013,2227,884,44,1.877,57.937
165,1949,182.320,0.737,1,2513,2574,824,881,2547.563,855.487,2547.563,855.487,29.286,23.596,-40.977,1.241,2196,0.888,61.131,3.752,2547.897,857.254,56.772,49.055,139.686,1.157,61.614,1.008,2565,837,20,1.540,23.390
166,8144,380.864,0.706,1,1241,1362,825,946,1303.046,877.115,1303.046,877.115,65.284,42.701,-46.602,1.529,8919,0.913,139.032,125.633,1297.186,875.907,136.979,84.275,135.644,1.625,138.414,0.996,1300,876,37,1.870,45.473
167,568,85.960,0.966,1,1152,1181,829,855,1166.558,841.838,1166.558,841.838,13.976,13.010,19.120,1.074,584,0.973,29.428,9.782,1166.500,842.000,29.000,26.000,0.000,1.115,30.214,1.027,1166,841,13,1.162,21.111
168,13856,564.176,0.547,1,743,865,833,1024,808.474,916.539,808.474,916.539,96.047,53.503,74.595,1.795,16677,0.831,193.189,81.367,817.711,920.081,191.774,117.048,74.427,1.638,198.814,1.029,802,891,48,2.071,48.197
169,3008,240.774,0.652,1,1685,1741,836,928,1710.058,886.822,1710.058,886.822,51.260,20.199,71.202,2.538,3359,0.896,95.603,74.219,1706.492,885.426,95.097,45.798,65.037,2.076,97.414,1.019,1705,896,20,2.435,30.208
170,6793,395.438,0.546,1,1749,1858,839,963,1805.953,899.452,1805.953,899.452,60.271,46.131,-53.497,1.306,8887,0.764,132.412,117.920,1799.891,890.763,132.406,97.915,118.474,1.352,131.414,0.992,1810,871,43,1.528,36.337
171,176,48.553,0.938,1,598,614,842,856,605.176,848.523,605.176,848.523,8.845,6.515,-29.634,1.358,179,0.983,19.416,145.491,605.538,848.192,17.847,13.924,168.690,1.282,19.414,1.000,604,848,7,1.387,8.133
172,834,118.424,0.747,1,596,629,851,887,611.716,869.590,611.716,869.590,17.840,15.705,-77.650,1.136,943,0.884,39.825,118.496,613.029,870.118,35.653,32.015,75.964,1.114,39.414,0.990,610,869,13,1.516,17.106
173,889,111.204,0.903,1,1862,1899,854,890,1881.212,871.958,1881.212,871.958,20.660,13.809,-44.809,1.496,918,0.968,41.881,146.689,1881.178,871.782,40.668,27.581,129.289,1.474,41.014,0.979,1885,867,13,1.577,21.033
174,438,77.590,0.914,1,2137,2164,865,888,2150.858,875.468,2150.858,875.468,13.962,10.237,-22.933,1.364,451,0.971,29.155,157.834,2151.600,874.300,28.600,21.200,143.130,1.349,29.414,1.009,2150,875,10,1.471,14.267
175,668,102.144,0.805,1,576,602,867,906,587.482,888.410,587.482,888.410,20.558,10.777,66.272,1.908,707,0.945,41.231,67.166,586.198,887.629,41.230,23.241,66.801,1.774,41.814,1.014,587,890,11,1.901,14.571
176,9313,421.333,0.659,1,929,1042,867,1006,986.598,932.326,986.598,932.326,70.806,43.773,68.051,1.618,10554,0.882,148.003,67.767,985.714,930.834,146.981,90.744,75.124,1.620,148.814,1.005,988,934,41,1.815,42.571
177,1748,186.723,0.630,1,2871,2912,867,940,2897.402,897.267,2897.402,897.267,35.576,18.458,74.285,1.927,1822,0.959,73.110,86.864,2891.500,903.500,73.000,41.000,90.000,1.780,74.014,1.012,2893,888,17,2.177,19.008
178,2462,206.970,0.722,1,2731,2808,870,919,2773.728,895.558,2773.728,895.558,38.921,21.652,-20.191,1.798,2713,0.907,81.154,157.543,2769.077,893.738,78.557,46.594,174.920,1.686,81.614,1.006,2778,891,22,1.855,26.429
179,2610,200.266,0.818,1,255,329,871,922,292.192,893.970,292.192,893.970,37.812,22.732,12.360,1.663,2792,0.935,75.313,10.713,290.546,897.027,75.302,49.942,11.689,1.508,77.014,1.023,297,898,21,1.834,30.938
180,24152,697.618,0.624,1,1070,1238,874,1108,1164.272,1000.189,1164.272,1000.189,114.201,71.123,71.775,1.606,27293,0.885,234.105,88.287,1163.806,998.088,227.860,136.970,70.866,1.664,237.014,1.012,1158,982,64,1.852,66.626
181,1199,131.046,0.877,1,1662,1695,878,925,1678.930,901.719,1678.930,901.719,23.516,16.303,86.863,1.442,1243,0.965,47.676,99.660,1678.500,901.500,47.000,33.000,90.000,1.424,48.814,1.024,1681,900,18,1.356,21.465
182,6704,305.091,0.905,1,644,754,880,963,698.739,921.846,698.739,921.846,55.492,38.878,-16.685,1.427,6864,0.977,112.579,161.887,696.963,919.924,111.889,78.318,168.232,1.429,114.214,1.015,702,917,38,1.503,65.899
183,5772,303.195,0.789,1,1872,1954,887,996,1911.827,937.721,1911.827,937.721,54.690,35.858,77.223,1.525,6341,0.910,110.820,79.603,1916.989,936.627,109.764,80.227,70.278,1.368,111.214,1.004,1914,931,31,1.794,48.022
184,694,120.915,0.597,1,2538,2574,889,928,2558.550,907.455,2558.550,907.455,22.259,11.510,50.823,1.934,795,0.873,47.381,45.855,2561.250,906.250,47.376,25.456,45.000,1.861,46.214,0.975,2567,905,17,1.359,11.718
185,326,68.435,0.875,1,618,635,894,921,626.666,907.298,626.666,907.298,13.312,7.882,79.720,1.689,339,0.962,27.459,79.509,626.446,907.676,27.455,16.769,80.538,1.637,28.214,1.028,625,903,8,1.763,12.381
186,415,81.382,0.787,1,559,579,903,934,569.273,919.110,569.273,919.110,16.746,8.115,-71.067,2.064,438,0.947,32.894,109.537,569.879,919.415,32.882,17.016,111.038,1.932,33.414,1.016,570,918,8,2.088,12.667
187,29155,641.559,0.890,1,290,516,905,1102,398.245,994.452,398.245,994.452,103.517,92.187,7.790,1.123,29903,0.975,230.835,11.748,409.235,997.941,210.036,189.663,165.964,1.107,235.614,1.021,397,991,85,1.386,129.181
188,911,111.855,0.915,1,2492,2530,905,938,2511.499,921.678,2511.499,921.678,18.914,15.575,28.844,1.214,943,0.966,40.162,18.886,2511.751,920.616,39.535,32.464,8.746,1.218,40.814,1.016,2508,920,15,1.360,22.167
189,3815,234.340,0.873,1,2846,2908,910,1000,2878.204,956.404,2878.204,956.404,43.524,28.239,72.175,1.541,3936,0.969,92.195,77.471,2877.730,956.748,85.765,60.996,51.843,1.406,94.214,1.022,2875,951,28,1.682,42.903
190,1193,129.054,0.900,1,2745,2786,921,959,2765.134,939.396,2765.134,939.396,20.689,18.418,24.873,1.123,1238,0.964,43.046,30.735,2765.500,940.000,41.000,38.000,0.000,1.079,42.014,0.976,2764,939,18,1.167,21.758
191,262,63.071,0.828,1,602,624,922,940,611.588,932.454,611.588,932.454,11.971,7.438,27.848,1.609,282,0.929,24.187,29.745,611.608,933.468,24.182,16.042,28.610,1.507,24.214,1.001,609,932,7,1.730,10.476
192,5474,291.779,0.808,1,2244,2309,922,1035,2278.113,981.002,2278.113,981.002,56.242,31.505,81.073,1.785,5675,0.965,115.953,77.042,2276.614,978.391,112.594,64.740,91.273,1.739,118.414,1.021,2276,984,32,1.850,48.414
193,789,137.194,0.527,1,1838,1866,926,981,1853.808,952.790,1853.808,952.790,29.824,9.011,74.771,3.310,924,0.854,59.615,67.306,1854.519,952.726,58.989,20.218,75.619,2.918,59.414,0.997,1853,947,9,3.301,11.474
194,2061,195.172,0.680,1,2524,2583,933,997,2556.988,963.429,2556.988,963.429,38.320,17.955,54.641,2.134,2259,0.912,76.059,39.130,2558.231,962.846,75.439,37.720,56.310,2.000,76.014,0.999,2560,966,17,2.236,22.198
195,794,108.943,0.841,1,1705,1742,936,966,1722.429,950.572,1722.429,950.572,20.237,12.753,-33.725,1.587,823,0.965,44.407,144.162,1723.531,950.729,39.715,27.490,172.405,1.445,44.414,1.000,1720,950,13,1.708,17.051
196,177,49.894,0.893,1,2496,2513,936,949,2504.630,942.760,2504.630,942.760,9.138,6.243,9.540,1.464,186,0.952,18.788,25.201,2504.520,942.860,17.961,12.869,8.130,1.396,18.814,1.001,2502,942,6,1.568,10.143
197,682,112.505,0.677,1,2086,2134,942,963,2110.133,953.021,2110.133,953.021,24.786,9.024,8.582,2.747,737,0.925,49.031,11.768,2110.420,952.060,48.932,19.233,8.130,2.544,50.214,1.024,2104,950,9,2.790,13.526
198,8206,333.707,0.926,1,1242,1352,944,1050,1303.240,994.932,1303.240,994.932,56.040,47.629,42.163,1.177,8367,0.981,115.412,27.897,1307.169,992.702,113.873,95.365,41.987,1.194,116.214,1.007,1303,990,45,1.291,74.656
199,201,51.139,0.966,1,575,592,945,962,583.137,953.122,583.137,953.122,8.966,7.223,-43.763,1.241,206,0.976,18.439,130.601,583.000,953.000,18.385,14.142,135.000,1.300,18.214,0.988,583,952,7,1.301,12.333
200,86,33.154,0.983,1,1868,1879,945,955,1873.663,949.663,1873.663,949.663,5.597,4.948,-3.622,1.131,90,0.956,11.705,160.017,1873.500,950.000,11.000,10.000,0.000,1.100,12.014,1.026,1873,949,5,1.201,8.778
201,4270,294.079,0.620,2,1912,1994,945,1049,1957.681,1005.056,1957.681,1005.056,58.500,24.639,-52.187,2.374,4631,0.922,122.004,127.340,1962.919,1005.158,121.916,51.412,129.523,2.371,121.814,0.998,1967,999,24,2.538,25.446
202,4988,291.263,0.739,1,666,748,957,1055,703.422,998.540,703.422,998.540,49.075,35.223,-60.582,1.393,5424,0.920,100.090,111.695,700.937,998.886,96.932,70.636,128.047,1.372,101.814,1.017,704,985,29,1.755,35.241
203,1042,119.995,0.909,1,1704,1738,964,1004,1722.215,982.876,1722.215,982.876,20.917,16.159,63.937,1.294,1072,0.972,45.486,56.659,1723.885,984.077,45.485,33.559,56.310,1.355,45.414,0.998,1720,978,16,1.419,17.949
204,5110,311.890,0.660,1,559,649,965,1065,599.806,1020.722,599.806,1020.722,59.982,28.836,50.123,2.080,5488,0.931,125.936,46.931,593.458,1023.976,125.536,66.272,51.499,1.894,125.214,0.994,597,1024,27,2.319,34.951
205,29687,748.527,0.666,1,824,988,966,1259,910.198,1117.694,910.198,1117.694,151.220,66.953,-82.551,2.259,33235,0.893,294.151,95.071,912.232,1115.505,292.052,137.753,101.921,2.120,298.414,1.014,900,1177,67,2.227,78.667
206,600,97.106,0.800,1,2499,2532,966,991,2515.162,977.960,2515.162,977.960,17.803,11.278,4.572,1.579,666,0.901,34.928,23.629,2515.500,978.500,33.000,25.000,0.000,1.320,35.414,1.014,2510,977,11,1.610,15.056
207,1456,145.239,0.867,1,619,666,967,1012,644.671,989.733,644.671,989.733,26.122,18.340,-38.437,1.424,1516,0.960,53.907,130.486,647.318,990.334,52.053,38.175,152.354,1.364,53.814,0.998,644,991,17,1.583,27.469
208,664,106.166,0.740,1,2069,2100,969,1006,2085.962,988.593,2085.962,988.593,21.836,10.070,-49.732,2.168,698,0.951,44.688,130.462,2085.982,990.271,44.688,22.018,130.601,2.030,44.414,0.994,2090,986,10,2.221,14.591
209,26524,691.049,0.698,1,1302,1502,974,1182,1404.496,1077.331,1404.496,1077.331,121.693,71.263,-53.040,1.708,28568,0.928,251.048,135.807,1407.654,1076.769,246.287,146.164,123.690,1.685,249.014,0.992,1414,1067,64,1.945,76.556
210,6195,351.614,0.630,1,1781,1859,976,1114,1821.492,1039.979,1821.492,1039.979,75.772,27.182,73.698,2.788,6724,0.921,143.892,70.935,1821.534,1043.206,143.726,55.856,74.954,2.573,146.014,1.015,1810,1002,25,2.920,38.600
211,2103,204.939,0.629,1,1836,1893,976,1037,1865.128,1004.994,1865.128,1004.994,30.636,24.462,-39.615,1.252,2476,0.849,70.178,122.784,1862.300,1003.100,61.268,49.641,153.435,1.234,70.014,0.998,1862,1007,19,1.842,21.048
212,14806,553.315,0.608,1,2129,2258,978,1171,2184.156,1073.795,2184.156,1073.795,102.813,53.395,-75.031,1.926,17800,0.832,198.177,76.875,2193.670,1078.791,189.350,118.279,98.198,1.601,192.414,0.971,2194,1041,45,2.138,59.136
213,1741,167.762,0.777,1,2600,2647,980,1037,2625.443,1013.380,2625.443,1013.380,26.744,22.725,-67.534,1.177,1895,0.919,60.000,126.870,2623.500,1008.500,57.000,47.000,90.000,1.213,59.014,0.984,2624,1015,20,1.475,25.074
214,242,57.708,0.913,1,2479,2493,983,1005,2485.550,993.533,2485.550,993.533,11.553,6.728,-78.304,1.717,249,0.972,23.409,109.983,2485.514,993.919,23.016,13.810,99.462,1.667,23.814,1.017,2485,993,7,1.701,12.000
215,828,115.877,0.775,1,2091,2127,992,1029,2107.924,1007.536,2107.924,1007.536,18.425,15.897,-72.312,1.159,890,0.930,39.962,121.701,2105.330,1006.174,39.868,32.975,117.759,1.209,39.814,0.996,2106,1005,13,1.531,17.056
216,516,101.359,0.631,1,2496,2519,995,1036,2508.514,1013.870,2508.514,1013.870,21.740,8.084,72.539,2.689,568,0.908,41.773,78.959,2509.887,1016.183,41.437,17.960,70.346,2.307,42.814,1.025,2505,1004,8,2.676,11.368
217,1904,173.030,0.799,1,2517,2569,1001,1057,2545.233,1032.008,2545.233,1032.008,27.852,22.782,74.413,1.223,2047,0.930,59.093,66.038,2542.200,1031.900,59.032,47.852,63.435,1.234,59.414,1.005,2545,1033,20,1.485,25.050
218,25855,641.940,0.788,1,2618,2824,1003,1197,2719.961,1105.400,2719.961,1105.400,105.658,81.462,-27.479,1.297,28119,0.919,210.381,155.872,2716.569,1115.188,206.487,174.971,138.013,1.180,208.014,0.989,2739,1096,70,1.486,97.084
219,1856,206.089,0.549,1,1983,2046,1004,1061,2010.017,1027.346,2010.017,1027.346,27.405,25.367,11.266,1.080,2292,0.810,65.253,15.101,2012.652,1025.558,54.961,51.564,59.534,1.066,66.614,1.021,2006,1023,18,1.850,17.939
220,151,50.909,0.732,1,2473,2488,1006,1024,2480.427,1014.738,2480.427,1014.738,10.883,4.473,-49.281,2.433,158,0.956,23.431,129.806,2480.250,1014.750,23.335,9.899,135.000,2.357,23.414,0.999,2480,1014,5,2.341,5.549
221,1639,152.823,0.882,1,2837,2890,1011,1055,2860.995,1033.365,2860.995,1033.365,28.255,18.855,25.189,1.499,1691,0.969,56.080,21.991,2861.950,1033.650,55.972,37.947,18.435,1.475,56.814,1.013,2854,1030,18,1.578,27.250
222,834,114.536,0.799,1,2467,2507,1017,1049,2489.200,1035.199,2489.200,1035.199,20.996,13.290,-16.625,1.580,893,0.934,43.046,149.265,2488.233,1037.043,42.937,27.574,156.801,1.557,43.214,1.004,2493,1035,13,1.662,17.362
223,1496,143.017,0.919,1,2643,2692,1020,1064,2666.259,1039.981,2666.259,1039.981,26.563,18.364,-37.881,1.446,1525,0.981,53.600,143.344,2666.250,1037.750,53.033,36.770,135.000,1.442,53.614,1.000,2664,1039,18,1.489,26.750
224,1455,162.209,0.695,1,648,697,1021,1074,666.936,1050.043,666.936,1050.043,27.015,19.635,59.886,1.376,1623,0.896,60.208,48.366,664.441,1051.999,59.950,39.430,53.673,1.520,59.814,0.993,664,1049,16,1.869,18.093
225,1553,161.193,0.751,1,1875,1916,1031,1090,1895.846,1059.294,1895.846,1059.294,27.643,18.663,64.998,1.481,1695,0.916,64.475,66.218,1894.848,1060.897,60.552,39.885,86.309,1.518,64.414,0.999,1893,1056,19,1.695,18.802
226,2132,183.105,0.799,1,2465,2521,1040,1099,2493.356,1072.070,2493.356,1072.070,32.673,21.008,-45.356,1.555,2243,0.951,67.624,128.395,2493.704,1071.381,67.621,42.976,127.875,1.573,67.414,0.997,2491,1074,21,1.605,21.553
227,20880,593.864,0.744,1,654,849,1044,1203,754.397,1124.242,754.397,1124.242,90.024,75.863,29.445,1.187,22789,0.916,197.449,9.033,751.401,1121.088,196.554,156.694,3.576,1.254,201.414,1.020,755,1121,73,1.380,73.233
228,1053,128.364,0.803,1,1503,1542,1046,1083,1521.226,1062.486,1521.226,1062.486,21.369,16.436,-33.358,1.300,1142,0.922,49.204,142.431,1521.750,1062.250,44.126,34.516,168.690,1.278,48.814,0.992,1519,1062,15,1.627,16.905
229,2809,232.309,0.654,1,1931,1996,1050,1129,1957.630,1084.593,1957.630,1084.593,46.730,21.282,-57.023,2.196,3265,0.860,91.263,124.735,1954.953,1084.466,91.254,47.662,125.538,1.915,91.214,0.999,1970,1086,32,1.425,27.104
230,1135,129.285,0.853,1,1760,1797,1051,1097,1778.996,1073.210,1778.996,1073.210,23.561,15.688,54.589,1.502,1177,0.964,50.606,60.396,1780.280,1073.960,47.200,32.400,36.870,1.457,50.214,0.992,1775,1069,15,1.674,21.125
231,4228,267.185,0.744,1,2267,2328,1051,1151,2297.337,1093.459,2297.337,1093.459,50.916,28.611,89.418,1.780,4439,0.952,102.489,72.979,2302.090,1098.630,101.682,57.983,81.870,1.754,103.414,1.009,2298,1080,28,1.847,36.440
232,352,69.871,0.906,1,200,222,1053,1074,209.224,1062.790,209.224,1062.790,11.513,10.234,-25.601,1.125,356,0.989,24.413,145.008,211.000,1063.500,22.000,21.000,0.000,1.048,24.214,0.992,208,1061,9,1.345,11.933
233,5131,329.550,0.594,1,2494,2597,1057,1155,2560.975,1103.395,2560.975,1103.395,43.945,43.333,60.166,1.014,6146,0.835,107.005,164.275,2559.067,1109.373,104.310,84.198,151.390,1.239,109.014,1.019,2564,1099,32,1.703,32.070
234,627,112.180,0.626,1,602,644,1058,1083,620.935,1071.695,620.935,1071.695,21.951,10.799,6.502,2.033,756,0.829,42.297,6.789,621.742,1072.609,42.145,23.478,11.634,1.795,43.214,1.022,617,1074,9,2.401,10.905
235,1661,160.408,0.811,1,2841,2887,1058,1109,2864.776,1082.251,2864.776,1082.251,29.292,18.448,54.671,1.588,1775,0.936,61.847,50.906,2864.248,1082.783,57.678,40.556,75.379,1.422,61.814,0.999,2865,1081,18,1.717,21.840
236,496,85.539,0.852,1,2014,2045,1059,1086,2030.625,1071.708,2030.625,1071.708,15.040,10.880,36.993,1.382,524,0.947,31.575,10.954,2030.750,1071.250,28.284,21.920,45.000,1.290,28.614,0.906,2029,1069,10,1.431,14.778
237,631,96.130,0.858,1,834,863,1065,1099,850.525,1082.842,850.525,1082.842,17.905,11.657,-52.688,1.536,652,0.968,36.878,139.399,852.060,1081.920,36.600,24.000,126.870,1.525,36.614,0.993,852,1081,11,1.664,15.049
238,16645,602.845,0.576,1,1026,1138,1068,1326,1082.794,1200.043,1082.794,1200.043,133.820,41.616,78.719,3.216,17525,0.950,259.409,84.026,1079.013,1200.101,258.751,81.429,79.944,3.178,263.614,1.016,1068,1138,39,3.380,59.146
239,1627,158.282,0.816,1,1959,2002,1068,1123,1983.496,1099.500,1983.496,1099.500,30.685,17.747,-59.543,1.729,1700,0.957,63.285,121.430,1986.480,1099.360,63.200,37.600,126.870,1.681,54.214,0.857,1973,1089,30,0.904,24.398
240,20408,607.215,0.696,1,432,651,1073,1216,547.649,1147.612,547.649,1147.612,105.452,64.187,1.064,1.643,22336,0.914,219.329,176.864,542.127,1139.146,216.497,142.319,8.489,1.521,219.414,1.000,568,1144,60,1.828,67.805
241,370,73.337,0.864,1,1486,1507,1076,1100,1496.662,1087.851,1496.662,1087.851,13.625,8.803,54.250,1.548,387,0.956,29.411,54.689,1497.140,1087.520,29.400,19.600,53.130,1.500,29.414,1.000,1496,1087,9,1.634,13.083
242,519,84.944,0.904,1,2001,2025,1082,1111,2014.413,1094.982,2014.413,1094.982,15.032,11.449,72.069,1.313,540,0.961,30.232,55.784,2013.000,1096.500,29.000,24.000,90.000,1.208,30.814,1.019,2014,1092,11,1.401,15.533
243,9340,393.312,0.759,1,2318,2455,1084,1189,2385.387,1139.488,2385.387,1139.488,71.230,42.991,33.830,1.657,9874,0.946,151.648,27.917,2386.140,1146.938,151.263,93.283,35.362,1.622,151.014,0.996,2386,1144,42,1.798,47.732
244,222,56.598,0.871,1,646,667,1087,1101,655.613,1094.140,655.613,1094.140,10.607,6.792,-9.471,1.562,227,0.978,22.136,161.565,656.500,1094.000,21.000,14.000,0.000,1.500,22.614,1.022,655,1093,7,1.615,8.958
245,846,113.981,0.818,1,820,856,1095,1132,835.093,1113.288,835.093,1113.288,17.822,16.389,28.173,1.087,891,0.949,39.205,37.747,832.738,1115.115,39.179,34.314,39.806,1.142,38.814,0.990,820,1112,19,1.021,16.807
246,875,109.633,0.915,1,2456,2492,1095,1130,2473.195,1111.454,2473.195,1111.454,18.217,15.556,-19.670,1.171,911,0.960,36.674,11.004,2472.719,1110.580,36.012,31.412,151.189,1.146,37.614,1.026,2473,1112,17,1.106,23.588
247,4463,292.755,0.654,1,1760,1823,1096,1203,1786.066,1156.151,1786.066,1156.151,56.689,26.557,76.303,2.135,4853,0.920,118.072,62.784,1784.045,1151.519,113.976,57.970,78.996,1.966,116.814,0.989,1789,1166,26,2.246,29.899
248,389,75.598,0.855,1,2428,2451,1096,1124,2440.392,1110.024,2440.392,1110.024,13.065,9.858,-67.641,1.325,414,0.940,28.636,102.095,2440.702,1110.143,25.309,20.272,132.510,1.248,29.414,1.027,2441,1109,9,1.634,11.857
249,336,68.435,0.902,1,2212,2237,1097,1116,2224.188,1107.342,2224.188,1107.342,12.257,8.964,18.760,1.367,350,0.960,25.962,15.642,2224.500,1106.500,25.000,19.000,0.000,1.316,26.614,1.025,2223,1106,9,1.479,13.167
250,2244,177.322,0.897,1,1866,1919,1100,1166,1892.944,1135.367,1892.944,1135.367,31.911,22.817,62.382,1.399,2293,0.979,68.622,71.301,1893.000,1136.000,62.225,45.255,45.000,1.375,69.614,1.014,1889,1132,22,1.582,30.619
251,3672,285.019,0.568,1,2032,2129,1106,1177,2083.577,1138.238,2083.577,1138.238,45.489,29.902,11.457,1.521,4317,0.851,97.005,0.591,2078.235,1142.082,95.643,65.980,10.204,1.450,97.414,1.004,2102,1136,21,2.319,26.475
252,22338,597.258,0.787,1,225,423,1108,1304,327.906,1213.711,327.906,1213.711,111.308,66.689,-42.079,1.669,23366,0.956,226.374,130.162,332.911,1221.075,226.372,136.273,130.365,1.661,225.214,0.995,346,1203,66,1.706,87.144
253,1145,127.944,0.879,1,2498,2545,1117,1153,2520.472,1134.973,2520.472,1134.973,24.058,15.289,23.830,1.574,1182,0.969,49.649,18.800,2520.200,1134.600,49.193,31.305,26.565,1.571,50.414,1.015,2518,1134,15,1.680,26.222
254,7033,393.939,0.569,1,200,274,1119,1277,228.516,1178.678,228.516,1178.678,78.532,32.600,-73.478,2.409,7301,0.963,169.779,113.243,237.000,1198.000,158.000,74.000,90.000,2.135,170.214,1.003,232,1156,33,2.579,33.698
255,1455,192.911,0.491,1,2447,2501,1119,1174,2471.557,1142.532,2471.557,1142.532,33.493,16.541,-31.415,2.025,1847,0.788,66.603,131.348,2469.732,1140.208,64.923,38.654,145.176,1.680,66.414,0.997,2485,1132,13,2.554,14.056
256,1121,125.262,0.898,1,2224,2269,1122,1158,2249.233,1140.277,2249.233,1140.277,22.783,16.103,-19.111,1.415,1154,0.971,46.239,158.429,2248.983,1141.707,46.238,32.125,158.199,1.439,47.014,1.017,2251,1140,15,1.567,23.571
257,25190,654.175,0.740,1,1913,2045,1123,1381,1981.245,1254.197,1981.245,1254.197,136.838,60.082,-85.171,2.278,26981,0.934,260.102,97.289,1978.292,1251.842,259.314,126.069,92.827,2.057,264.814,1.018,1975,1299,59,2.244,86.685
258,13574,472.163,0.765,1,1147,1249,1131,1318,1196.058,1217.112,1196.058,1217.112,94.244,47.157,-85.346,1.999,14110,0.962,187.323,86.634,1191.498,1224.201,182.716,94.703,102.216,1.929,188.814,1.008,1200,1181,45,2.098,71.946
259,11224,467.070,0.647,1,956,1062,1134,1323,1008.502,1238.275,1008.502,1238.275,92.480,42.252,81.496,2.189,12407,0.905,189.264,86.971,1000.384,1231.097,185.070,91.904,74.887,2.014,190.214,1.005,999,1235,39,2.439,52.215
260,1295,135.528,0.886,1,1813,1859,1134,1175,1837.379,1155.195,1837.379,1155.195,23.031,18.154,-22.490,1.269,1344,0.964,47.170,158.875,1837.200,1156.100,47.118,36.366,161.565,1.296,46.614,0.988,1838,1155,18,1.295,23.333
261,464,85.404,0.799,1,658,680,1137,1168,670.002,1152.690,670.002,1152.690,16.303,9.567,-77.407,1.704,506,0.917,32.016,104.470,671.258,1151.830,31.806,21.036,111.038,1.512,32.814,1.025,668,1156,9,1.823,13.316
262,1601,159.757,0.788,1,2551,2608,1145,1187,2580.312,1166.988,2580.312,1166.988,30.118,17.601,-26.095,1.711,1707,0.938,62.266,150.141,2581.427,1169.462,61.905,38.746,143.973,1.598,61.614,0.990,2585,1165,17,1.812,24.801
263,3466,222.789,0.878,1,2239,2298,1154,1228,2268.230,1191.408,2268.230,1191.408,38.916,28.756,-69.331,1.353,3561,0.973,82.098,124.077,2268.500,1191.000,74.000,59.000,90.000,1.254,80.814,0.984,2269,1193,29,1.393,48.862
264,4406,268.050,0.771,1,2489,2560,1156,1253,2527.970,1205.791,2527.970,1205.791,49.009,29.660,72.351,1.652,4755,0.927,99.464,77.221,2526.646,1206.730,98.432,60.292,65.323,1.633,100.014,1.006,2523,1205,31,1.613,40.064
265,3431,257.593,0.650,1,1435,1537,1159,1215,1485.085,1188.699,1485.085,1188.699,48.552,23.173,7.626,2.095,3776,0.909,102.176,3.366,1486.304,1187.328,101.428,49.909,10.305,2.032,103.414,1.012,1494,1190,23,2.248,26.674
266,601,112.831,0.593,1,2464,2513,1164,1181,2489.089,1172.059,2489.089,1172.059,25.022,7.964,-4.950,3.142,635,0.946,50.220,167.347,2488.788,1173.247,49.699,16.720,175.601,2.972,50.614,1.008,2504,1174,11,2.301,10.565
267,2981,207.200,0.873,1,1820,1889,1169,1232,1857.808,1197.663,1857.808,1197.663,35.066,28.202,40.001,1.243,3107,0.959,74.733,24.507,1861.244,1195.369,69.891,59.061,47.726,1.183,67.414,0.902,1854,1193,25,1.348,34.758
268,10680,390.726,0.879,1,2682,2798,1169,1294,2740.676,1230.344,2740.676,1230.344,61.567,56.587,73.560,1.088,11184,0.955,127.004,52.679,2737.030,1230.070,122.914,114.096,97.496,1.077,127.014,1.000,2734,1225,51,1.245,73.518
269,2499,219.973,0.649,1,1892,1929,1174,1269,1912.132,1216.109,1912.132,1216.109,45.126,18.520,-88.800,2.437,2670,0.936,95.885,97.792,1910.500,1221.500,95.000,37.000,90.000,2.568,97.614,1.018,1910,1203,19,2.569,22.893
270,17488,520.431,0.811,1,1226,1382,1178,1341,1313.008,1260.389,1313.008,1260.389,81.910,71.113,-48.455,1.152,18868,0.927,173.773,150.337,1316.733,1252.955,165.407,146.262,111.938,1.131,171.614,0.988,1312,1262,61,1.407,80.613
271,6179,440.620,0.400,2,554,668,1179,1290,618.851,1238.591,618.851,1238.591,60.577,44.584,-34.993,1.359,8451,0.731,124.808,142.487,628.115,1248.923,124.530,100.955,146.310,1.234,124.014,0.994,646,1221,26,2.385,26.153
272,18081,521.351,0.836,1,1673,1823,1180,1361,1747.668,1274.741,1747.668,1274.741,91.993,63.362,72.707,1.452,18948,0.954,187.545,70.696,1743.985,1274.968,186.970,130.327,65.225,1.435,189.814,1.012,1754,1272,66,1.438,78.887
273,29427,703.815,0.747,1,2295,2426,1186,1462,2360.770,1314.533,2360.770,1314.533,146.591,65.408,87.944,2.241,30545,0.963,280.175,102.995,2361.080,1322.865,276.105,128.154,87.839,2.154,285.814,1.020,2357,1249,63,2.268,107.115
274,608,118.463,0.544,1,2447,2482,1191,1232,2462.046,1209.434,2462.046,1209.434,25.368,9.765,-54.579,2.598,782,0.777,44.944,122.276,2461.362,1210.784,44.533,21.593,130.030,2.062,45.014,1.002,2467,1199,8,2.813,10.886
275,591,99.923,0.744,1,1516,1556,1197,1222,1537.945,1210.772,1537.945,1210.772,18.179,11.251,5.900,1.616,628,0.941,40.311,7.125,1537.775,1208.414,39.800,24.840,16.260,1.602,40.814,1.012,1538,1209,11,1.855,12.450
276,3718,245.027,0.778,1,1781,1851,1200,1282,1819.451,1238.922,1819.451,1238.922,46.472,26.756,61.895,1.737,3963,0.938,91.679,50.755,1822.125,1236.301,90.091,56.021,65.821,1.608,90.414,0.986,1804,1244,41,1.103,37.243
277,1467,150.602,0.813,1,2470,2509,1203,1261,2488.566,1229.197,2488.566,1229.197,27.025,18.140,-82.265,1.490,1519,0.966,59.228,101.689,2489.500,1232.000,58.000,39.000,90.000,1.487,60.614,1.023,2505,1215,18,1.684,22.913
278,5084,282.433,0.801,1,2789,2873,1206,1298,2831.198,1254.192,2831.198,1254.192,47.949,35.662,-40.859,1.345,5399,0.942,104.561,123.690,2830.033,1262.630,103.467,74.775,131.987,1.384,104.214,0.997,2836,1251,33,1.579,43.404
279,1295,144.128,0.783,1,652,700,1207,1252,671.528,1231.508,671.528,1231.508,22.719,19.789,-7.428,1.148,1408,0.920,50.000,163.740,669.951,1228.808,48.377,41.393,143.973,1.169,50.614,1.012,653,1226,22,1.150,19.487
280,1244,142.097,0.774,1,2070,2106,1207,1259,2089.237,1233.259,2089.237,1233.259,27.726,14.615,-67.343,1.897,1308,0.951,54.818,128.333,2089.700,1233.900,53.126,29.725,108.435,1.787,54.414,0.993,2089,1233,15,1.814,20.046
281,4158,277.990,0.676,1,2150,2224,1210,1314,2190.038,1256.465,2190.038,1256.465,55.226,25.913,58.307,2.131,4657,0.893,112.161,68.009,2193.452,1255.918,110.313,56.988,55.146,1.936,112.614,1.004,2194,1253,25,2.252,33.085
282,1670,156.941,0.852,1,2641,2685,1210,1264,2660.252,1238.969,2660.252,1238.969,26.833,20.673,70.657,1.298,1760,0.949,58.694,66.930,2663.000,1237.000,54.000,44.000,90.000,1.227,58.814,1.002,2660,1241,20,1.470,26.971
283,2671,218.116,0.706,1,1626,1695,1212,1273,1660.893,1243.056,1660.893,1243.056,40.530,21.325,-42.208,1.901,2830,0.944,90.139,139.950,1661.538,1241.692,86.533,48.259,123.690,1.793,90.014,0.999,1687,1238,26,1.731,24.515
284,480,94.330,0.678,1,522,558,1214,1238,542.552,1225.369,542.552,1225.369,19.620,8.465,26.937,2.318,510,0.941,40.817,30.964,539.362,1224.845,40.296,19.498,21.801,2.067,40.614,0.995,546,1227,9,2.256,10.062
285,2782,228.747,0.668,1,2102,2160,1217,1302,2132.136,1258.120,2132.136,1258.120,42.627,23.388,71.808,1.823,3258,0.854,85.475,83.956,2128.081,1260.946,84.426,53.502,74.539,1.578,87.014,1.018,2135,1276,21,2.072,27.949
286,2869,205.954,0.850,1,2573,2629,1217,1288,2600.876,1252.926,2600.876,1252.926,35.434,26.125,71.105,1.356,3022,0.949,71.701,81.983,2602.326,1252.110,70.937,52.144,73.610,1.360,70.814,0.988,2601,1251,25,1.416,30.390
287,4369,254.967,0.845,1,1522,1609,1220,1295,1567.602,1255.547,1567.602,1255.547,44.328,32.294,37.571,1.373,4575,0.955,93.236,38.468,1567.128,1252.331,92.347,65.523,48.366,1.409,93.214,1.000,1563,1250,29,1.607,42.845
288,425,80.597,0.822,1,2048,2078,1222,1243,2064.385,1232.239,2064.385,1232.239,14.462,9.755,-4.019,1.483,448,0.949,30.265,172.405,2064.250,1233.250,30.202,19.808,168.690,1.525,31.014,1.025,2069,1231,9,1.723,11.026
289,538,86.840,0.896,1,2422,2447,1229,1258,2435.186,1243.318,2435.186,1243.318,14.903,11.950,-63.749,1.247,557,0.966,30.806,125.754,2433.731,1242.346,30.202,24.711,101.310,1.222,30.814,1.000,2434,1243,11,1.401,15.357
290,1621,178.718,0.638,1,2225,2284,1234,1280,2251.757,1260.034,2251.757,1260.034,33.059,16.500,26.668,2.004,1828,0.887,69.203,37.367,2252.747,1262.640,68.547,36.791,29.476,1.863,69.214,1.000,2245,1259,16,2.163,17.962
291,293,63.302,0.919,1,451,471,1235,1256,460.009,1245.299,460.009,1245.299,10.555,8.955,-58.976,1.179,306,0.958,22.472,110.854,459.600,1244.800,22.361,18.783,116.565,1.190,21.814,0.971,459,1245,9,1.212,10.697
292,295,68.435,0.792,1,532,555,1238,1259,544.612,1248.059,544.612,1248.059,11.672,8.870,44.713,1.316,322,0.916,24.698,58.241,546.200,1247.100,24.597,18.783,26.565,1.310,24.614,0.997,543,1246,8,1.538,9.063
293,1216,197.584,0.391,1,1451,1525,1239,1278,1492.695,1255.541,1492.695,1255.541,35.658,16.623,7.453,2.145,1680,0.724,77.201,16.557,1492.100,1252.470,77.200,33.844,16.858,2.281,80.614,1.044,1472,1262,14,2.879,11.792
294,402,83.508,0.724,1,1869,1892,1239,1270,1880.848,1253.699,1880.848,1253.699,16.906,7.680,59.482,2.201,427,0.941,34.482,60.461,1880.780,1254.040,34.200,16.800,53.130,2.036,34.214,0.992,1877,1248,7,2.444,10.410
295,465,94.425,0.655,1,1895,1911,1241,1282,1901.992,1262.165,1901.992,1262.165,20.430,7.469,83.717,2.735,485,0.959,41.976,77.619,1902.354,1261.183,41.743,15.460,83.660,2.700,42.414,1.010,1907,1254,13,1.631,10.098
296,1344,135.758,0.916,1,2497,2541,1241,1285,2516.904,1264.109,2516.904,1264.109,22.892,19.283,45.414,1.187,1384,0.971,48.260,34.019,2515.352,1264.521,47.253,38.533,48.366,1.226,45.814,0.949,2515,1264,18,1.273,26.438
297,617,101.684,0.750,1,2039,2071,1242,1272,2051.892,1255.203,2051.892,1255.203,17.058,13.082,-41.000,1.304,702,0.879,37.014,141.582,2051.269,1253.522,36.992,27.811,139.635,1.330,34.014,0.919,2054,1257,14,1.215,13.521
298,1919,208.866,0.553,1,897,980,1249,1286,934.238,1266.410,934.238,1266.410,40.624,16.365,4.917,2.482,2261,0.849,85.147,12.894,938.299,1266.480,81.818,36.918,176.186,2.216,87.014,1.022,920,1265,16,2.719,16.995
299,272,67.094,0.759,1,492,512,1251,1274,500.456,1261.320,500.456,1261.320,12.317,7.460,-49.495,1.651,286,0.951,27.019,128.991,498.820,1261.260,26.200,15.800,143.130,1.658,27.014,1.000,501,1258,7,1.930,7.741
300,827,104.270,0.956,1,2050,2086,1256,1286,2068.753,1271.213,2068.753,1271.213,18.228,14.527,-23.177,1.255,848,0.975,38.471,152.103,2068.000,1271.000,36.000,30.000,0.000,1.200,38.014,0.988,2064,1270,15,1.267,22.286
301,46452,796.597,0.920,1,1335,1553,1257,1524,1448.207,1393.414,1448.207,1393.414,137.445,108.741,78.703,1.264,47620,0.975,276.632,59.356,1442.411,1392.609,270.153,212.838,84.289,1.269,275.214,0.995,1440,1387,104,1.323,159.594
302,347,74.028,0.796,1,1866,1890,1261,1286,1877.849,1272.365,1877.849,1272.365,15.076,7.558,39.572,1.995,375,0.925,30.232,55.784,1877.962,1272.808,29.676,16.364,33.690,1.814,30.214,0.999,1877,1271,9,1.679,11.314
303,1318,143.763,0.801,1,2882,2912,1261,1320,2899.467,1288.822,2899.467,1288.822,29.182,15.198,83.081,1.920,1341,0.983,60.208,78.503,2897.000,1290.500,59.000,30.000,90.000,1.967,61.614,1.023,2897,1282,15,2.054,18.762
304,219,61.961,0.717,1,587,608,1263,1282,597.062,1272.632,597.062,1272.632,12.297,6.250,-37.028,1.968,241,0.909,25.000,143.130,599.000,1272.500,24.597,14.311,153.435,1.719,24.814,0.993,596,1267,9,1.379,7.750
305,767,118.463,0.687,1,391,423,1264,1307,408.720,1283.341,408.720,1283.341,22.369,12.613,67.850,1.773,860,0.892,45.222,71.966,413.320,1285.133,44.240,28.174,49.185,1.570,45.414,1.004,406,1278,12,1.892,13.833
306,333,73.012,0.785,1,1659,1681,1265,1290,1671.728,1279.335,1671.728,1279.335,14.157,8.011,-56.928,1.767,363,0.917,28.018,124.824,1672.704,1279.372,28.018,17.393,124.695,1.611,27.614,0.986,1672,1280,7,1.972,11.407
307,202,52.805,0.910,1,560,579,1266,1281,569.124,1273.272,569.124,1273.272,8.800,7.430,-0.884,1.184,211,0.957,19.647,165.256,569.500,1273.500,19.000,15.000,0.000,1.267,20.214,1.029,569,1273,8,1.263,9.667
308,875,157.592,0.443,1,672,743,1266,1290,706.955,1277.420,706.955,1277.420,36.150,8.675,8.158,4.167,1005,0.871,72.180,10.376,708.329,1276.576,72.117,18.638,7.970,3.869,73.814,1.023,692,1282,15,2.460,10.961
309,2849,208.215,0.826,1,2074,2138,1271,1342,2107.184,1311.495,2107.184,1311.495,36.926,25.341,-48.126,1.457,3051,0.934,76.538,118.909,2107.310,1312.854,73.470,51.552,138.814,1.425,76.014,0.993,2113,1308,23,1.652,30.367
310,464,80.271,0.905,1,351,380,1274,1297,366.116,1285.358,366.116,1285.358,15.661,9.498,33.740,1.649,476,0.975,32.450,33.690,366.250,1285.250,31.820,19.799,45.000,1.607,32.414,0.999,362,1282,9,1.801,15.356
311,3758,243.916,0.794,1,2442,2517,1274,1351,2481.706,1313.910,2481.706,1313.910,40.957,30.642,47.981,1.337,3981,0.944,86.822,32.775,2480.250,1317.250,77.865,63.552,66.801,1.225,86.614,0.998,2477,1309,27,1.604,34.978
312,18096,575.514,0.687,1,2659,2826,1274,1456,2729.145,1376.190,2729.145,1376.190,103.902,61.131,47.754,1.700,19898,0.909,223.826,52.260,2723.007,1384.883,223.558,129.053,48.366,1.732,223.014,0.996,2717,1381,56,1.991,69.314
313,221,54.702,0.928,1,455,473,1275,1292,463.867,1282.735,463.867,1282.735,9.669,7.380,-37.563,1.310,227,0.974,20.248,122.905,463.900,1282.200,20.000,15.400,143.130,1.299,20.214,0.998,464,1281,7,1.444,9.667
314,214,57.153,0.823,1,575,593,1278,1296,584.374,1286.818,584.374,1286.818,9.756,7.295,57.726,1.337,228,0.939,20.616,50.906,585.332,1286.385,20.534,15.924,65.225,1.289,20.614,1.000,584,1286,7,1.472,8.238
315,290,68.760,0.771,1,1871,1886,1278,1305,1878.979,1291.386,1878.979,1291.386,14.330,6.784,76.517,2.112,309,0.939,29.155,67.834,1879.553,1291.115,28.565,14.559,79.380,1.962,29.414,1.009,1879,1280,8,1.838,9.116
316,3467,280.172,0.555,1,648,733,1279,1366,680.960,1312.941,680.960,1312.941,53.773,25.860,-44.686,2.079,4076,0.851,112.539,137.521,677.172,1309.244,112.474,57.454,139.467,1.958,113.414,1.008,688,1292,21,2.700,23.321
317,527,92.663,0.771,1,2506,2535,1283,1312,2521.485,1295.741,2521.485,1295.741,15.554,11.757,50.350,1.323,577,0.913,34.828,50.826,2523.250,1295.250,34.648,24.042,45.000,1.441,34.814,1.000,2520,1293,11,1.582,13.974
318,1105,142.557,0.683,1,611,649,1293,1345,630.740,1321.926,630.740,1321.926,27.143,13.927,-52.255,1.949,1200,0.921,60.440,128.956,633.500,1320.000,60.104,30.406,135.000,1.977,60.414,1.000,628,1325,14,2.158,15.494
319,9611,382.855,0.824,1,1787,1895,1294,1434,1846.067,1363.664,1846.067,1363.664,65.696,48.019,85.802,1.368,10156,0.946,142.215,79.875,1846.730,1363.475,127.403,103.411,113.629,1.232,145.214,1.021,1846,1364,46,1.578,62.619
320,1312,149.682,0.736,2,2036,2073,1295,1343,2053.343,1320.722,2053.343,1320.722,24.789,17.471,82.705,1.419,1392,0.943,49.336,72.300,2051.396,1319.387,49.312,36.813,74.055,1.340,50.214,1.018,2054,1322,16,1.569,18.390
321,1057,124.247,0.860,1,2218,2265,1295,1327,2244.362,1309.048,2244.362,1309.048,23.616,14.910,20.197,1.584,1092,0.968,48.104,20.695,2241.500,1311.000,47.000,32.000,0.000,1.469,49.214,1.023,2247,1309,15,1.640,21.077
322,495,88.181,0.800,1,568,597,1296,1321,581.567,1306.815,581.567,1306.815,15.258,10.770,-20.332,1.417,533,0.929,31.906,147.804,581.642,1305.105,31.904,23.650,148.392,1.349,31.814,0.997,578,1307,10,1.591,12.852
323,1043,142.883,0.642,1,1566,1603,1297,1348,1582.087,1325.884,1582.087,1325.884,28.599,12.682,59.694,2.255,1169,0.892,57.689,56.310,1579.968,1324.108,57.462,28.412,61.390,2.022,57.614,0.999,1583,1328,13,2.216,16.691
324,6419,399.056,0.507,1,332,478,1298,1377,385.427,1340.827,385.427,1340.827,67.499,35.126,20.035,1.922,7878,0.815,159.013,23.341,404.800,1342.900,153.442,76.226,8.130,2.013,158.814,0.999,374,1337,37,2.146,28.627
325,2144,194.577,0.712,1,2553,2619,1298,1354,2580.944,1330.759,2580.944,1330.759,34.645,21.743,36.129,1.593,2412,0.889,71.120,27.646,2580.908,1333.873,68.400,46.138,47.231,1.482,70.414,0.990,2572,1328,19,1.853,24.149
326,22379,555.934,0.910,1,200,336,1302,1489,264.644,1395.651,264.644,1395.651,99.167,73.287,86.417,1.353,22822,0.981,196.492,61.087,268.000,1395.500,187.000,136.000,90.000,1.375,196.814,1.002,267,1404,68,1.447,123.065
327,11058,415.224,0.806,1,1113,1250,1305,1431,1187.124,1363.034,1187.124,1363.034,62.727,59.575,-22.179,1.053,11557,0.957,137.091,2.090,1187.250,1370.750,135.124,118.846,168.690,1.137,138.814,1.013,1186,1362,51,1.361,58.836
328,950,119.669,0.834,1,2515,2557,1316,1350,2535.307,1332.622,2535.307,1332.622,22.581,13.777,27.656,1.639,988,0.962,48.374,29.745,2534.500,1333.000,48.299,29.963,26.565,1.612,48.014,0.993,2537,1334,14,1.715,19.000
329,950,127.254,0.737,1,2789,2840,1316,1341,2816.168,1328.319,2816.168,1328.319,25.778,12.109,6.362,2.129,1016,0.935,52.202,16.699,2814.500,1328.500,51.000,25.000,0.000,2.040,53.214,1.019,2821,1327,12,2.217,17.362
330,191,52.250,0.879,1,584,599,1317,1336,590.469,1325.657,590.469,1325.657,9.574,6.555,-62.557,1.461,195,0.979,20.616,112.834,589.500,1325.500,19.799,14.142,135.000,1.400,20.814,1.010,591,1322,6,1.735,8.556
331,360,69.220,0.944,1,1887,1910,1317,1339,1898.528,1328.594,1898.528,1328.594,11.469,10.068,-35.759,1.139,374,0.963,24.413,124.992,1898.250,1329.250,24.042,20.506,135.000,1.172,24.414,1.000,1898,1328,10,1.221,15.400
332,316,76.114,0.685,1,2144,2165,1318,1342,2152.231,1329.370,2152.231,1329.370,12.893,8.802,-74.859,1.465,379,0.834,29.000,133.603,2151.918,1329.365,26.619,18.767,110.225,1.418,27.814,0.959,2151,1326,7,1.987,8.556
333,3310,231.389,0.777,1,1248,1311,1320,1390,1281.796,1353.614,1281.796,1353.614,36.557,29.814,68.201,1.226,3606,0.918,74.330,47.726,1281.894,1354.000,71.554,62.404,67.011,1.147,74.014,0.996,1282,1347,27,1.371,31.586
334,3072,219.917,0.798,1,1640,1704,1320,1388,1669.846,1350.593,1669.846,1350.593,33.604,30.957,-50.730,1.085,3341,0.919,71.694,120.141,1673.869,1351.954,70.080,63.258,82.875,1.108,68.014,0.949,1667,1352,25,1.360,31.330
335,690,119.939,0.603,1,2431,2470,1332,1375,2450.629,1351.912,2450.629,1351.912,27.200,8.608,-49.817,3.160,750,0.920,50.990,131.820,2448.250,1353.250,50.912,19.092,135.000,2.667,50.814,0.997,2457,1352,14,1.815,12.140
336,872,108.713,0.927,1,2112,2144,1333,1367,2127.187,1349.398,2127.187,1349.398,18.068,15.550,-53.016,1.162,897,0.972,39.205,127.747,2128.000,1350.000,34.000,32.000,90.000,1.062,39.214,1.000,2127,1347,15,1.307,25.400
337,8525,400.722,0.667,1,2817,2912,1339,1485,2875.301,1402.147,2875.301,1402.147,71.624,40.192,69.736,1.782,9208,0.926,157.699,66.849,2878.018,1413.295,156.639,92.100,73.887,1.701,158.014,1.002,2874,1397,38,2.079,37.628
338,955,115.782,0.895,1,2043,2079,1341,1380,2060.004,1359.491,2060.004,1359.491,19.663,15.895,-55.796,1.237,993,0.962,41.437,109.747,2058.085,1358.768,40.449,32.953,128.660,1.227,41.414,0.999,2061,1360,17,1.218,24.282
339,775,112.640,0.768,1,594,634,1342,1372,614.554,1354.817,614.554,1354.817,18.711,14.019,-1.309,1.335,831,0.933,40.792,11.310,614.772,1356.769,39.779,29.398,175.236,1.353,40.814,1.001,613,1355,13,1.570,14.347
340,32978,695.722,0.856,1,974,1186,1342,1575,1074.518,1463.903,1074.518,1463.903,112.106,97.043,73.204,1.155,34398,0.959,242.002,62.164,1085.573,1463.007,219.046,197.486,105.213,1.109,244.014,1.008,1076,1471,90,1.356,120.790
341,5558,402.293,0.432,1,2572,2645,1343,1520,2610.678,1436.657,2610.678,1436.657,93.059,20.225,-73.498,4.601,6229,0.892,183.134,104.871,2613.300,1434.100,182.780,42.375,108.435,4.313,186.614,1.019,2624,1397,20,4.665,29.667
342,1811,191.206,0.622,1,559,608,1344,1406,584.430,1379.519,584.430,1379.519,28.947,22.921,-82.681,1.263,2207,0.821,66.648,117.719,583.500,1375.000,62.000,49.000,90.000,1.265,67.014,1.005,583,1380,17,1.971,18.479
343,29138,723.243,0.700,1,813,991,1345,1591,910.607,1470.104,910.607,1470.104,128.061,77.805,-79.328,1.646,32623,0.893,247.929,98.816,899.748,1466.011,247.888,168.396,97.765,1.472,252.814,1.020,895,1475,66,1.915,89.171
344,1191,146.905,0.694,1,2448,2478,1346,1406,2465.451,1374.131,2465.451,1374.131,29.636,13.978,87.414,2.120,1282,0.929,60.299,84.289,2462.700,1375.696,60.115,29.932,92.386,2.008,61.414,1.018,2462,1358,15,2.047,17.776
345,1182,141.447,0.742,1,1563,1604,1349,1393,1580.940,1369.816,1580.940,1369.816,21.684,18.436,48.309,1.176,1300,0.909,45.453,50.356,1579.277,1370.621,45.396,38.516,47.490,1.179,45.014,0.990,1578,1365,15,1.500,18.530
346,1045,121.795,0.885,1,2504,2541,1350,1391,2520.943,1371.247,2520.943,1371.247,21.366,16.163,57.073,1.322,1084,0.964,43.863,46.848,2519.943,1369.395,42.777,33.679,61.390,1.270,43.214,0.985,2520,1371,15,1.440,22.019
347,1310,138.765,0.855,1,2063,2117,1355,1390,2091.910,1372.923,2091.910,1372.923,25.554,16.604,-4.954,1.539,1361,0.963,55.543,166.464,2090.000,1372.500,54.000,35.000,0.000,1.543,56.814,1.023,2091,1372,17,1.671,20.659
348,9281,428.362,0.636,1,1653,1797,1358,1479,1732.240,1413.599,1732.240,1413.599,78.322,40.470,28.508,1.935,10041,0.924,162.496,29.089,1737.632,1412.312,162.209,78.274,25.684,2.072,161.014,0.991,1709,1399,37,2.176,45.667
349,486,90.212,0.750,1,512,543,1369,1393,527.794,1381.568,527.794,1381.568,15.118,10.540,-26.905,1.434,529,0.919,32.016,165.530,527.500,1381.000,31.000,24.000,0.000,1.292,32.814,1.025,531,1379,10,1.641,10.586
350,942,123.691,0.774,1,1623,1655,1369,1416,1636.566,1390.552,1636.566,1390.552,22.233,14.330,-88.628,1.552,1018,0.925,47.170,94.865,1639.181,1390.830,45.715,31.695,77.735,1.442,48.214,1.022,1636,1386,14,1.722,16.609
351,2284,268.796,0.397,1,497,577,1372,1432,529.722,1409.957,529.722,1409.957,40.017,23.974,8.424,1.669,3488,0.655,81.049,170.770,536.956,1407.206,77.780,57.041,12.171,1.364,87.214,1.076,518,1414,17,2.565,15.678
352,363,76.574,0.778,1,533,556,1377,1402,545.010,1388.913,545.010,1388.913,14.610,8.117,-56.266,1.800,388,0.936,30.480,131.009,545.328,1389.347,28.450,17.429,109.983,1.632,30.414,0.998,544,1385,9,1.690,9.293
353,24464,672.620,0.680,1,669,817,1377,1641,751.144,1495.816,751.144,1495.816,137.454,59.090,77.372,2.326,25687,0.952,267.711,79.236,760.359,1505.264,266.416,120.163,73.179,2.217,273.214,1.021,744,1459,57,2.397,82.064
354,795,122.121,0.670,1,1545,1582,1381,1420,1560.451,1402.972,1560.451,1402.972,21.683,14.013,40.522,1.547,922,0.862,45.607,37.875,1557.805,1404.744,45.603,31.079,38.660,1.467,45.614,1.000,1547,1403,17,1.342,14.304
355,3982,302.219,0.548,2,2089,2185,1381,1453,2135.849,1422.390,2135.849,1422.390,49.084,30.616,0.700,1.603,5021,0.793,96.876,172.288,2137.566,1416.048,95.856,70.972,2.603,1.351,95.614,0.987,2128,1415,23,2.079,25.630
356,21899,568.984,0.850,1,1877,2076,1382,1540,1984.777,1456.344,1984.777,1456.344,100.152,72.107,28.490,1.389,22601,0.969,216.042,25.498,1993.258,1449.518,207.101,154.876,43.191,1.337,214.814,0.994,1991,1455,68,1.580,97.205
357,1074,131.411,0.782,1,1593,1628,1384,1428,1610.628,1405.169,1610.628,1405.169,22.043,15.672,72.368,1.406,1142,0.940,45.880,69.590,1611.664,1405.216,45.826,33.352,66.801,1.374,46.814,1.020,1608,1400,15,1.560,17.385
358,7313,393.963,0.592,1,1198,1292,1387,1541,1242.984,1460.024,1242.984,1460.024,81.106,30.464,-67.673,2.662,7813,0.936,164.924,112.834,1240.219,1457.175,164.923,61.615,112.620,2.677,165.014,1.001,1243,1449,28,2.947,38.862
359,627,100.573,0.779,1,2073,2114,1387,1409,2095.248,1398.516,2095.248,1398.516,20.305,10.136,-4.652,2.003,662,0.947,41.110,175.815,2093.824,1399.446,40.935,20.879,170.538,1.961,41.814,1.017,2097,1393,12,1.742,14.548
360,4282,259.085,0.802,1,2534,2596,1392,1487,2566.637,1439.048,2566.637,1439.048,48.301,29.122,-74.291,1.659,4465,0.959,99.040,106.422,2563.441,1437.692,97.867,59.606,97.595,1.642,100.214,1.012,2559,1443,33,1.518,36.313
361,13456,496.432,0.686,1,2385,2541,1400,1549,2462.677,1471.934,2462.677,1471.934,89.672,52.508,-45.342,1.708,15181,0.886,188.282,137.583,2455.967,1473.527,184.160,121.897,122.829,1.511,186.814,0.992,2474,1458,49,1.906,59.761
362,2251,190.825,0.777,1,569,637,1402,1460,605.698,1433.733,605.698,1433.733,34.660,21.881,33.544,1.584,2387,0.943,69.642,15.832,608.539,1431.919,68.624,45.545,25.641,1.507,71.014,1.020,599,1429,20,1.775,25.583
363,1790,164.890,0.827,1,1624,1667,1416,1473,1645.656,1443.683,1645.656,1443.683,27.935,20.785,87.698,1.344,1907,0.939,58.310,67.834,1645.500,1444.500,57.000,43.000,90.000,1.326,59.414,1.019,1645,1437,20,1.485,27.769
364,3841,286.170,0.589,1,364,438,1422,1519,402.342,1471.056,402.342,1471.056,50.914,25.878,-66.434,1.967,4558,0.843,98.153,98.791,403.880,1471.764,94.844,57.519,114.444,1.649,100.214,1.021,397,1483,23,2.179,26.795
365,2120,189.770,0.740,1,1797,1847,1427,1495,1821.455,1460.055,1821.455,1460.055,36.854,19.529,62.007,1.887,2272,0.933,74.706,62.063,1819.290,1463.549,74.298,41.836,69.624,1.776,74.214,0.993,1823,1482,23,1.613,27.720
366,1960,164.200,0.914,1,2630,2678,1427,1482,2654.643,1454.209,2654.643,1454.209,27.026,23.501,-75.977,1.150,2008,0.976,55.902,100.305,2654.538,1455.308,55.071,47.877,82.875,1.150,57.214,1.023,2653,1455,23,1.244,33.474
367,547,98.812,0.704,1,481,518,1428,1452,496.816,1438.906,496.816,1438.906,17.728,10.740,-10.244,1.651,602,0.909,37.947,161.565,498.592,1440.762,36.838,23.939,7.125,1.539,38.614,1.018,492,1438,10,1.931,11.125
368,1020,124.937,0.821,1,542,584,1432,1471,563.806,1449.962,563.806,1449.962,23.995,13.926,37.940,1.723,1077,0.947,48.010,35.676,564.296,1448.344,47.989,29.064,37.405,1.651,48.014,1.000,564,1448,14,1.715,21.560
369,654,126.603,0.513,1,2122,2152,1432,1484,2136.936,1457.214,2136.936,1457.214,30.004,7.284,-67.286,4.119,729,0.897,54.781,111.413,2135.955,1457.920,54.736,15.743,113.749,3.477,55.614,1.015,2145,1433,10,2.781,11.632
370,1397,176.497,0.564,1,1554,1596,1436,1497,1576.111,1463.041,1576.111,1463.041,28.209,17.624,58.285,1.601,1678,0.833,64.257,69.027,1578.242,1461.670,64.170,38.279,66.038,1.676,68.014,1.058,1578,1463,16,2.125,15.626
371,1053,141.447,0.661,2,344,385,1447,1488,362.949,1464.247,362.949,1464.247,19.735,18.120,-85.353,1.089,1176,0.895,42.942,62.241,360.283,1464.554,41.696,39.252,114.775,1.062,43.614,1.016,361,1461,15,1.454,15.088
372,643,94.980,0.896,1,2151,2172,1448,1485,2162.069,1467.236,2162.069,1467.236,19.047,10.855,86.756,1.755,659,0.976,37.483,80.789,2161.500,1466.500,37.000,21.000,90.000,1.762,38.214,1.019,2161,1467,11,1.737,18.833
373,1548,149.126,0.875,1,2689,2733,1456,1501,2712.043,1479.464,2712.043,1479.464,25.093,20.119,-45.595,1.247,1617,0.957,53.535,122.800,2710.853,1477.912,50.219,42.193,102.529,1.190,53.414,0.998,2710,1479,19,1.406,25.727
374,2534,196.148,0.828,1,1647,1714,1464,1522,1679.644,1490.949,1679.644,1490.949,32.154,26.040,-29.336,1.235,2751,0.921,67.365,5.964,1678.284,1487.688,63.941,55.846,145.305,1.145,68.614,1.019,1678,1489,23,1.492,29.419
375,14045,474.559,0.784,1,2255,2383,1467,1641,2318.885,1557.742,2318.885,1557.742,98.588,45.817,60.649,2.152,14332,0.980,195.888,57.933,2316.686,1561.642,195.757,93.919,55.840,2.084,189.414,0.967,2326,1575,46,2.059,74.041
376,24054,682.544,0.649,2,1708,1897,1472,1683,1796.255,1575.104,1796.255,1575.104,111.004,73.941,55.417,1.501,27829,0.864,217.830,68.736,1801.667,1577.949,216.392,159.048,60.524,1.361,211.214,0.970,1769,1547,60,1.760,64.979
377,1594,198.314,0.509,1,2664,2721,1475,1540,2691.157,1508.720,2691.157,1508.720,40.418,13.769,45.991,2.935,1843,0.865,76.059,50.870,2691.462,1511.645,75.987,31.889,48.366,2.383,75.014,0.986,2688,1514,14,2.679,15.249
378,1632,165.906,0.745,1,1607,1650,1476,1536,1628.670,1508.224,1628.670,1508.224,28.447,19.281,88.897,1.475,1788,0.913,60.299,84.289,1626.682,1507.266,59.758,40.395,76.608,1.479,61.414,1.018,1626,1507,18,1.706,20.484
379,1153,128.174,0.882,1,561,600,1478,1522,581.663,1498.374,581.663,1498.374,21.216,17.931,-62.342,1.183,1206,0.956,44.407,97.765,580.635,1497.173,43.786,35.682,112.380,1.227,45.414,1.023,581,1497,16,1.419,23.647
380,11046,392.178,0.903,1,200,315,1482,1597,253.148,1540.612,253.148,1540.612,61.691,58.197,42.399,1.060,11414,0.968,135.624,33.573,256.941,1542.594,121.395,114.230,5.711,1.063,132.014,0.973,254,1541,55,1.200,55.546
381,3325,229.302,0.795,1,625,686,1483,1568,650.190,1531.204,650.190,1531.204,41.870,27.124,78.797,1.544,3452,0.963,85.586,83.290,642.738,1528.654,82.087,59.626,59.534,1.377,87.214,1.019,651,1535,25,1.744,33.242
382,9033,410.568,0.673,1,2725,2827,1484,1614,2777.898,1545.470,2777.898,1545.470,65.874,46.608,-77.688,1.413,10109,0.894,141.947,113.676,2779.740,1547.680,122.895,101.116,81.870,1.215,141.614,0.998,2787,1528,39,1.816,44.094
383,5674,328.995,0.659,1,2127,2255,1486,1562,2189.828,1526.580,2189.828,1526.580,65.277,30.916,11.905,2.111,6434,0.882,129.294,12.961,2193.914,1521.737,128.908,69.522,8.531,1.854,132.014,1.021,2184,1518,28,2.357,38.815
384,413,75.138,0.919,1,1585,1610,1487,1511,1596.171,1499.127,1596.171,1499.127,12.505,10.758,-38.662,1.162,429,0.963,26.249,162.255,1595.275,1498.607,25.478,22.283,145.008,1.143,25.414,0.968,1596,1497,10,1.271,15.286
385,12444,440.620,0.805,1,2611,2741,1489,1633,2673.622,1567.241,2673.622,1567.241,84.213,48.060,49.974,1.752,12894,0.965,177.102,51.189,2669.299,1571.323,174.596,102.402,39.369,1.705,177.014,1.000,2680,1579,48,1.844,67.339
386,20716,595.760,0.733,1,1298,1476,1491,1679,1397.103,1573.361,1397.103,1573.361,114.155,61.775,42.771,1.848,22141,0.936,237.118,42.436,1404.670,1570.333,236.529,127.839,38.395,1.850,236.014,0.995,1414,1572,56,2.107,80.559
387,1278,149.166,0.722,1,1508,1561,1497,1542,1535.938,1521.397,1535.938,1521.397,29.849,14.934,-37.636,1.999,1393,0.917,60.539,149.199,1537.703,1523.240,60.501,32.338,147.171,1.871,59.414,0.981,1534,1525,14,2.122,19.583
388,3679,261.997,0.674,1,303,363,1500,1596,331.974,1538.598,331.974,1538.598,48.711,26.953,-84.116,1.807,4095,0.898,98.717,103.473,326.013,1543.895,98.634,59.492,105.819,1.658,100.814,1.021,307,1538,33,1.527,29.714
389,413,76.804,0.880,1,1188,1211,1500,1523,1199.207,1510.824,1199.207,1510.824,12.224,10.860,47.941,1.126,427,0.967,26.401,52.696,1199.000,1510.000,25.938,22.361,63.435,1.160,26.414,1.001,1199,1511,11,1.201,10.762
390,16939,602.082,0.587,3,1893,2060,1509,1666,1972.351,1589.741,1972.351,1589.741,80.812,69.936,15.019,1.156,18877,0.897,176.173,160.434,1973.337,1595.439,169.114,140.169,20.410,1.206,163.014,0.925,1978,1591,62,1.315,50.503
391,902,120.359,0.782,1,1555,1592,1514,1550,1574.718,1533.884,1574.718,1533.884,19.820,15.564,-35.500,1.273,988,0.913,40.497,147.095,1575.316,1536.544,40.356,32.819,132.879,1.230,40.414,0.998,1577,1530,13,1.554,17.899
392,1562,150.237,0.870,1,1646,1693,1518,1563,1668.856,1541.095,1668.856,1541.095,26.731,19.028,34.606,1.405,1638,0.954,55.973,41.379,1668.057,1542.922,53.597,40.264,24.624,1.331,55.814,0.997,1669,1544,19,1.469,26.024
393,2698,230.223,0.640,1,2563,2621,1519,1608,2593.841,1564.468,2593.841,1564.468,47.533,19.228,60.384,2.472,2903,0.929,97.082,65.019,2593.843,1559.726,97.060,41.823,62.700,2.321,96.414,0.993,2600,1571,20,2.410,24.236
394,281,63.627,0.872,1,2066,2088,1520,1537,2078.059,1528.429,2078.059,1528.429,11.493,8.140,13.410,1.412,293,0.959,24.187,29.745,2077.000,1528.500,22.000,17.000,0.000,1.294,24.214,1.001,2080,1528,8,1.513,10.156
395,2166,187.088,0.778,1,2441,2496,1521,1580,2467.872,1548.597,2467.872,1548.597,33.024,22.176,-36.791,1.489,2337,0.927,71.063,129.289,2464.400,1550.300,66.635,45.616,153.435,1.461,71.014,0.999,2468,1543,23,1.544,23.772
396,543,83.833,0.971,1,1148,1173,1533,1561,1160.645,1547.154,1160.645,1547.154,14.704,11.782,61.436,1.248,558,0.973,30.806,54.246,1160.724,1547.310,30.083,24.512,68.199,1.227,30.814,1.000,1160,1546,12,1.284,21.667
397,575,97.796,0.755,1,2032,2061,1533,1566,2046.919,1548.872,2046.919,1548.872,16.492,12.312,-58.997,1.340,625,0.920,36.249,114.444,2045.401,1546.255,36.235,26.685,118.301,1.358,35.414,0.977,2044,1547,10,1.771,13.686
398,1208,148.666,0.687,1,2417,2451,1545,1600,2432.307,1573.401,2432.307,1573.401,30.429,14.269,81.170,2.133,1405,0.860,58.310,67.834,2431.487,1573.991,57.547,31.049,79.461,1.853,59.014,1.012,2435,1562,16,1.844,18.394
399,37840,903.128,0.583,1,1479,1690,1546,1794,1575.767,1662.614,1575.767,1662.614,124.714,104.793,-82.956,1.190,42457,0.891,267.406,126.484,1583.606,1670.919,247.217,209.871,91.193,1.178,259.614,0.971,1565,1648,82,1.583,84.641
400,3201,218.997,0.839,1,2158,2218,1546,1613,2189.216,1579.422,2189.216,1579.422,33.871,30.375,64.526,1.115,3298,0.971,71.610,54.090,2188.000,1579.500,67.000,60.000,90.000,1.117,71.614,1.000,2186,1578,29,1.235,28.381
401,4199,251.310,0.835,1,2503,2582,1547,1627,2547.073,1588.564,2547.073,1588.564,41.982,33.156,56.818,1.266,4406,0.953,86.006,66.714,2552.243,1590.190,83.049,69.014,45.855,1.203,85.414,0.993,2545,1583,30,1.424,41.317
402,197,50.124,0.985,1,1009,1026,1555,1570,1017.490,1562.048,1017.490,1562.048,8.707,7.237,3.237,1.203,204,0.966,18.028,19.440,1017.500,1562.500,17.000,15.000,0.000,1.133,18.414,1.021,1016,1561,7,1.315,12.067
403,3589,262.742,0.653,1,2856,2912,1556,1657,2888.747,1596.397,2888.747,1596.397,48.002,26.126,69.245,1.837,3786,0.948,110.571,65.985,2884.000,1606.500,101.000,56.000,90.000,1.804,110.214,0.997,2883,1586,26,2.120,24.888
404,3086,210.667,0.874,1,577,653,1557,1616,617.337,1586.454,617.337,1586.454,35.697,27.772,11.269,1.285,3216,0.960,76.322,5.262,615.308,1585.962,75.897,56.285,11.310,1.348,77.614,1.017,617,1586,28,1.386,33.616
405,5634,313.310,0.721,1,1072,1187,1561,1639,1128.023,1599.883,1128.023,1599.883,53.066,34.997,-4.816,1.516,6004,0.938,115.732,6.450,1130.726,1599.372,108.076,72.962,160.017,1.481,116.614,1.008,1113,1604,33,1.767,34.044
406,457,77.590,0.954,1,824,847,1565,1592,835.207,1578.163,835.207,1578.163,13.596,10.747,-81.540,1.265,471,0.970,27.893,104.534,835.000,1578.000,27.727,22.361,116.565,1.240,28.614,1.026,835,1576,11,1.301,17.606
407,21113,579.536,0.790,2,954,1115,1565,1745,1029.236,1665.516,1029.236,1665.516,86.693,79.521,-81.404,1.090,22228,0.950,190.906,111.188,1037.730,1656.358,182.561,159.622,94.185,1.144,192.014,1.006,1029,1666,73,1.315,73.915
408,267,60.065,0.930,1,2391,2414,1570,1586,2402.257,1578.272,2402.257,1578.272,11.140,7.701,9.768,1.447,276,0.967,23.345,9.866,2402.500,1578.000,23.000,16.000,0.000,1.438,23.614,1.012,2400,1578,8,1.476,13.074
409,1790,156.750,0.915,1,2057,2107,1574,1626,2084.325,1597.480,2084.325,1597.480,27.959,20.980,47.989,1.333,1834,0.976,57.306,60.751,2086.224,1595.916,55.486,42.353,46.273,1.310,53.214,0.929,2087,1597,19,1.400,31.914
410,605,98.122,0.790,1,2472,2501,1577,1609,2487.254,1592.356,2487.254,1592.356,16.051,12.572,53.322,1.277,651,0.929,34.540,67.891,2488.373,1591.045,32.106,27.635,25.346,1.162,33.414,0.967,2486,1589,11,1.519,14.289
411,1096,129.935,0.816,1,559,592,1588,1635,575.871,1614.359,575.871,1614.359,22.571,16.049,-84.426,1.406,1159,0.946,47.518,98.471,575.500,1611.500,47.000,33.000,90.000,1.424,48.214,1.015,575,1614,15,1.607,18.228
412,19408,574.196,0.740,1,1262,1436,1591,1760,1337.921,1677.740,1337.921,1677.740,81.830,79.246,-11.706,1.033,20983,0.925,188.828,28.465,1326.214,1675.225,180.621,156.345,46.397,1.155,186.414,0.987,1337,1677,67,1.391,69.891
413,26585,740.999,0.608,1,235,400,1592,1868,313.537,1728.185,313.537,1728.185,156.223,58.474,-74.815,2.672,30682,0.866,282.765,107.281,311.334,1728.643,282.716,123.638,106.213,2.287,287.414,1.016,297,1777,57,2.521,84.156
414,749,101.359,0.916,1,2400,2431,1595,1627,2415.563,1611.173,2415.563,1611.173,17.950,13.364,-52.655,1.343,774,0.968,36.770,135.000,2415.800,1611.400,35.777,26.833,116.565,1.333,36.414,0.990,2417,1607,13,1.401,17.420
415,470,80.731,0.906,1,2448,2475,1595,1622,2461.866,1608.309,2461.866,1608.309,15.127,10.126,-47.908,1.494,487,0.965,30.017,119.982,2462.750,1608.250,28.991,21.213,135.000,1.367,29.414,0.980,2464,1609,12,1.226,16.056
416,31658,760.942,0.687,1,756,980,1596,1873,878.244,1729.682,878.244,1729.682,155.410,67.635,57.500,2.298,33374,0.949,299.933,65.999,892.295,1736.952,292.910,144.938,51.009,2.021,300.014,1.000,872,1727,63,2.381,88.724
417,17577,540.598,0.756,1,2114,2254,1599,1790,2182.199,1706.463,2182.199,1706.463,95.574,60.137,67.946,1.589,18610,0.944,205.626,66.801,2176.861,1699.562,205.608,125.192,66.038,1.642,205.614,1.000,2184,1724,57,1.804,71.905
418,753,104.921,0.860,1,896,927,1601,1632,911.139,1616.430,911.139,1616.430,16.328,14.993,-58.401,1.089,804,0.937,34.828,140.826,910.407,1616.266,32.617,30.382,102.095,1.074,34.814,1.000,909,1616,14,1.243,16.333
419,746,105.611,0.840,1,2465,2504,1603,1631,2484.507,1618.697,2484.507,1618.697,18.196,13.504,13.835,1.347,780,0.956,39.812,11.592,2484.500,1617.000,39.000,28.000,0.000,1.393,40.814,1.025,2482,1617,13,1.570,15.745
420,2541,250.160,0.510,1,1694,1783,1610,1663,1733.943,1641.740,1733.943,1641.740,47.680,21.147,18.598,2.255,3181,0.799,96.385,22.574,1733.459,1646.939,96.363,48.469,23.782,1.988,96.614,1.002,1723,1641,16,3.019,21.436
421,7479,406.815,0.568,1,641,751,1616,1759,697.607,1694.805,697.607,1694.805,78.491,33.383,-60.311,2.351,8570,0.873,154.797,129.758,698.189,1696.579,154.068,65.200,115.320,2.363,154.614,0.999,710,1671,31,2.494,37.065
422,1247,140.526,0.794,1,923,958,1628,1677,938.986,1654.676,938.986,1654.676,24.641,17.180,82.297,1.434,1319,0.945,50.478,56.310,940.276,1652.011,49.089,34.807,87.138,1.410,50.414,0.999,939,1656,16,1.575,21.029
423,1866,174.926,0.766,1,1849,1905,1629,1684,1878.557,1660.212,1878.557,1660.212,30.304,21.836,-49.071,1.388,1975,0.945,64.637,124.919,1881.086,1663.746,64.393,44.959,119.932,1.432,64.414,0.997,1881,1659,19,1.695,25.127
424,2406,186.533,0.869,1,2435,2483,1630,1699,2459.825,1662.399,2459.825,1662.399,33.563,23.390,-87.665,1.435,2478,0.971,70.036,99.866,2460.431,1664.946,67.971,47.753,82.875,1.423,71.614,1.023,2458,1657,23,1.557,35.927
425,418,77.034,0.885,1,2387,2411,1631,1657,2400.395,1643.096,2400.395,1643.096,12.413,11.210,-73.952,1.107,439,0.952,26.926,105.068,2398.561,1643.451,26.614,23.964,96.340,1.111,25.214,0.936,2400,1642,10,1.261,15.375
426,768,100.018,0.965,1,2489,2517,1631,1666,2503.805,1648.089,2503.805,1648.089,17.776,13.861,70.060,1.282,788,0.975,36.770,67.620,2503.000,1648.500,35.000,28.000,90.000,1.250,37.414,1.018,2502,1645,14,1.336,22.394
427,1154,166.326,0.524,1,654,690,1632,1699,672.262,1665.532,672.262,1665.532,37.170,10.108,-71.179,3.677,1268,0.910,72.615,112.681,672.887,1664.896,72.114,21.703,105.945,3.323,72.814,1.003,676,1657,12,3.034,13.964
428,980,137.654,0.650,1,1904,1943,1632,1678,1920.282,1657.732,1920.282,1657.732,23.992,16.299,62.941,1.472,1161,0.844,48.332,65.556,1915.039,1658.884,48.266,37.269,39.174,1.295,48.814,1.010,1922,1661,13,1.877,15.296
429,762,103.485,0.894,1,2591,2628,1634,1663,2611.357,1647.579,2611.357,1647.579,18.686,13.297,18.425,1.405,791,0.963,38.897,17.969,2610.900,1646.200,38.460,28.174,26.565,1.365,39.614,1.018,2611,1646,13,1.524,18.455
430,1833,167.437,0.822,1,2702,2755,1634,1684,2727.887,1660.289,2727.887,1660.289,31.446,18.916,45.939,1.662,1901,0.964,67.209,46.809,2727.977,1660.085,65.366,39.319,60.255,1.662,66.814,0.994,2726,1657,19,1.758,27.333
431,1018,119.995,0.888,1,2314,2352,1637,1674,2332.353,1653.352,2332.353,1653.352,18.603,18.209,11.859,1.022,1055,0.965,41.677,59.744,2331.777,1655.670,38.327,36.543,7.595,1.049,39.614,0.950,2331,1652,16,1.238,20.892
432,13752,523.993,0.629,1,2789,2895,1638,1826,2843.725,1728.979,2843.725,1728.979,94.706,49.228,79.596,1.924,14966,0.919,198.920,70.927,2842.000,1732.000,188.000,106.000,90.000,1.774,203.214,1.022,2840,1718,51,1.992,59.882
433,15112,573.483,0.577,1,2244,2365,1644,1859,2302.640,1766.944,2302.640,1766.944,101.099,55.283,-87.809,1.829,17198,0.879,216.689,97.158,2314.988,1756.626,216.501,114.403,99.545,1.892,220.014,1.015,2312,1772,48,2.292,54.546
434,5881,306.567,0.786,1,1119,1214,1650,1748,1166.911,1698.943,1166.911,1698.943,56.525,34.546,-48.587,1.636,6206,0.948,116.043,137.095,1158.335,1699.641,115.949,76.902,139.399,1.508,115.214,0.993,1177,1687,34,1.694,45.840
435,1838,167.476,0.823,1,2341,2391,1651,1708,2365.054,1680.396,2365.054,1680.396,28.228,21.807,71.950,1.294,1979,0.929,58.249,78.111,2364.045,1680.913,56.599,45.970,64.440,1.231,52.614,0.903,2360,1679,18,1.462,26.474
436,1103,144.818,0.661,1,1649,1688,1658,1710,1672.230,1686.108,1672.230,1686.108,27.480,14.205,-63.598,1.935,1241,0.889,54.120,106.091,1676.737,1686.046,52.480,32.894,128.884,1.595,55.214,1.020,1668,1692,12,2.301,15.478
437,1183,137.654,0.785,1,1754,1796,1661,1708,1773.570,1682.812,1773.570,1682.812,26.643,15.050,-50.517,1.770,1291,0.916,52.010,142.028,1773.224,1680.617,50.772,33.099,124.160,1.534,52.014,1.000,1768,1684,14,1.858,18.769
438,358,87.721,0.585,1,1741,1754,1670,1710,1747.126,1690.969,1747.126,1690.969,19.946,5.985,-87.945,3.333,391,0.916,40.050,92.862,1747.500,1690.000,40.000,13.000,90.000,3.077,40.614,1.014,1747,1695,7,2.901,8.111
439,21446,574.902,0.815,1,2632,2788,1671,1861,2706.156,1769.437,2706.156,1769.437,97.916,71.700,68.018,1.366,22589,0.949,190.851,84.588,2710.127,1764.995,190.652,150.815,81.973,1.264,194.214,1.018,2714,1783,66,1.471,79.529
440,246,56.598,0.965,1,1719,1737,1679,1697,1727.537,1687.459,1727.537,1687.459,9.190,8.646,69.410,1.063,252,0.976,19.416,34.509,1727.950,1687.350,18.974,17.393,71.565,1.091,19.614,1.010,1727,1686,8,1.226,13.800
441,3321,267.780,0.582,1,1866,1955,1679,1742,1909.169,1706.990,1909.169,1706.990,48.659,24.419,-20.887,1.993,4107,0.809,93.038,154.537,1912.408,1704.707,92.748,58.201,150.018,1.594,92.614,0.995,1889,1712,19,2.437,25.535
442,1589,160.638,0.774,1,2486,2533,1681,1729,2509.779,1705.952,2509.779,1705.952,25.034,21.238,43.343,1.179,1745,0.911,55.444,39.144,2509.650,1707.450,52.494,42.691,71.565,1.230,55.014,0.992,2508,1702,19,1.448,21.233
443,2340,189.809,0.816,1,1793,1856,1682,1742,1827.520,1711.874,1827.520,1711.874,34.651,22.533,38.445,1.538,2483,0.942,68.819,35.538,1829.500,1709.500,67.882,46.669,45.000,1.455,67.814,0.985,1831,1714,21,1.615,30.633
444,266,58.494,0.977,1,2324,2342,1689,1708,2332.944,1698.940,2332.944,1698.940,9.945,8.577,54.376,1.160,271,0.982,20.809,35.218,2332.500,1699.000,20.125,17.889,63.435,1.125,20.814,1.000,2331,1697,8,1.301,12.852
445,839,113.981,0.812,1,1666,1708,1696,1727,1689.601,1712.302,1689.601,1712.302,21.665,12.838,-25.298,1.688,887,0.946,44.385,157.479,1689.160,1713.380,43.800,26.800,143.130,1.634,44.814,1.010,1692,1710,13,1.724,17.322
446,1664,156.616,0.852,1,606,663,1699,1740,632.978,1717.459,632.978,1717.459,28.013,19.683,-16.421,1.423,1752,0.950,57.706,152.103,634.500,1719.500,57.000,41.000,0.000,1.390,56.414,0.978,638,1718,20,1.410,25.253
447,1480,159.757,0.729,1,1696,1743,1704,1756,1723.469,1733.595,1723.469,1733.595,25.545,20.767,-84.482,1.230,1621,0.913,54.708,71.896,1718.100,1732.200,53.882,45.962,81.870,1.172,55.414,1.013,1721,1736,17,1.630,19.408
448,669,100.018,0.840,1,2343,2380,1710,1736,2363.487,1722.874,2363.487,1722.874,18.645,11.983,-3.218,1.556,703,0.952,37.656,169.287,2362.076,1720.906,36.770,25.598,12.529,1.436,38.614,1.025,2366,1721,12,1.609,16.944
449,1450,162.725,0.688,1,2598,2627,1716,1784,2611.886,1747.277,2611.886,1747.277,35.172,13.548,-84.813,2.596,1512,0.959,68.469,96.710,2612.064,1749.961,68.274,28.101,92.386,2.430,69.814,1.020,2612,1733,14,2.493,21.458
450,25643,679.593,0.698,1,2360,2521,1717,1975,2439.146,1846.590,2439.146,1846.590,116.347,73.982,79.066,1.573,27633,0.928,268.576,73.117,2441.520,1844.667,243.471,147.410,100.105,1.652,273.014,1.017,2440,1844,71,1.923,80.289
451,838,105.056,0.954,1,2531,2565,1723,1757,2548.681,1739.726,2548.681,1739.726,17.289,15.579,38.176,1.110,861,0.973,36.235,39.401,2548.750,1738.750,36.062,31.113,45.000,1.159,36.214,0.999,2547,1740,16,1.132,22.630
452,23434,657.435,0.681,1,690,877,1726,1925,786.707,1826.032,786.707,1826.032,102.369,74.878,59.149,1.367,25608,0.915,216.511,50.059,784.695,1820.880,214.225,151.202,58.392,1.417,216.214,0.999,778,1822,68,1.590,69.024
453,895,123.921,0.732,1,1929,1963,1730,1775,1947.510,1754.137,1947.510,1754.137,21.904,14.493,-82.266,1.511,1036,0.864,45.177,95.080,1948.491,1754.528,44.145,32.154,107.354,1.373,45.614,1.010,1949,1757,13,1.754,14.710
454,212,52.805,0.955,1,514,531,1731,1748,522.453,1739.297,522.453,1739.297,9.425,7.226,-38.580,1.304,221,0.959,19.723,120.466,522.400,1739.300,19.230,15.205,153.435,1.265,19.414,0.984,522,1738,7,1.387,12.467
455,283,64.317,0.860,1,1665,1687,1732,1753,1675.779,1742.606,1675.779,1742.606,13.035,7.051,-45.801,1.849,293,0.966,25.807,125.538,1675.484,1743.320,25.735,14.724,129.806,1.748,25.814,1.000,1678,1739,7,1.844,11.364
456,3498,215.569,0.946,1,2482,2554,1736,1802,2518.160,1768.254,2518.160,1768.254,39.638,28.202,38.050,1.405,3561,0.982,80.430,38.437,2517.081,1767.285,80.425,56.511,39.094,1.423,79.814,0.992,2515,1769,31,1.287,49.385
457,28596,672.071,0.796,1,1710,1949,1737,1938,1833.083,1819.259,1833.083,1819.259,108.988,88.295,14.888,1.234,29977,0.954,239.102,178.322,1831.812,1807.424,213.254,176.719,37.333,1.207,240.214,1.005,1836,1820,78,1.540,96.198
458,1794,249.739,0.361,1,1191,1259,1743,1809,1225.475,1772.876,1225.475,1772.876,34.973,22.384,-32.579,1.562,2504,0.716,74.431,149.300,1226.514,1768.202,73.365,48.383,124.695,1.516,74.814,1.005,1211,1773,14,2.672,13.505
459,237,56.598,0.930,1,618,640,1746,1760,628.576,1752.791,628.576,1752.791,10.843,7.032,-0.955,1.542,243,0.975,22.561,12.804,629.000,1753.000,22.000,14.000,0.000,1.571,22.814,1.011,627,1752,7,1.630,11.364
460,4853,316.508,0.609,1,1411,1514,1746,1845,1459.097,1790.705,1459.097,1790.705,59.801,30.329,-45.405,1.972,5693,0.852,117.201,143.326,1450.928,1789.727,117.200,69.823,143.531,1.679,116.414,0.993,1464,1778,28,2.079,33.656
461,671,113.656,0.653,2,1684,1719,1751,1786,1700.858,1767.294,1700.858,1767.294,19.908,12.038,-52.144,1.654,806,0.833,39.661,123.690,1699.741,1766.016,39.590,28.217,120.256,1.403,39.614,0.999,1706,1759,9,2.201,11.205
462,1683,163.835,0.788,1,1620,1676,1758,1798,1644.737,1776.881,1644.737,1776.881,28.997,19.692,-5.916,1.473,1771,0.950,59.682,148.707,1646.790,1779.217,56.399,39.318,5.042,1.434,58.814,0.985,1639,1778,19,1.548,23.897
463,978,126.278,0.771,1,2012,2051,1760,1803,2032.338,1780.874,2032.338,1780.874,22.316,14.809,-56.073,1.507,1051,0.931,46.239,111.571,2032.500,1777.500,46.063,30.858,116.565,1.493,46.614,1.008,2033,1777,13,1.793,18.532
464,1321,136.869,0.886,1,526,572,1764,1805,548.475,1785.276,548.475,1785.276,25.341,16.840,37.985,1.505,1365,0.968,51.865,33.996,549.750,1786.750,51.619,35.355,45.000,1.460,51.814,0.999,543,1781,17,1.524,25.000
465,581,98.582,0.751,1,1941,1974,1764,1794,1958.939,1778.424,1958.939,1778.424,15.887,12.359,-23.319,1.285,633,0.918,33.734,11.976,1959.212,1779.668,30.750,24.950,154.983,1.232,34.614,1.026,1950,1771,11,1.573,13.074
466,5531,301.085,0.767,1,651,713,1772,1882,684.335,1829.794,684.335,1829.794,58.272,31.644,-88.519,1.841,5814,0.951,112.929,73.009,682.000,1827.000,110.000,62.000,90.000,1.774,114.214,1.011,682,1845,30,1.904,40.422
467,1084,129.800,0.809,1,2553,2581,1776,1825,2566.143,1798.902,2566.143,1798.902,25.605,13.866,-87.411,1.847,1135,0.955,50.448,76.239,2567.000,1800.500,49.000,28.000,90.000,1.750,51.614,1.023,2567,1790,14,1.843,20.208
468,1191,127.484,0.921,1,1278,1316,1778,1821,1298.314,1800.486,1298.314,1800.486,23.491,16.325,-57.539,1.439,1220,0.976,47.707,123.024,1299.200,1800.100,47.405,33.541,116.565,1.413,47.214,0.990,1298,1800,16,1.475,28.292
469,631,101.589,0.768,1,575,606,1783,1816,588.749,1801.903,588.749,1801.903,18.305,11.948,58.964,1.532,687,0.918,37.443,55.886,587.631,1802.854,37.334,24.807,60.255,1.505,36.214,0.967,586,1802,11,1.646,13.404
470,5648,357.128,0.556,1,201,255,1792,1952,222.375,1879.137,222.375,1879.137,72.628,27.587,84.918,2.633,5797,0.974,160.012,90.716,228.000,1872.000,160.000,54.000,90.000,2.963,160.414,1.003,227,1888,27,2.971,27.155
471,1047,122.581,0.876,1,489,527,1792,1833,510.690,1813.547,510.690,1813.547,22.055,15.859,-49.606,1.391,1091,0.960,44.654,145.954,512.737,1814.348,44.577,33.223,142.595,1.342,44.614,0.999,509,1816,15,1.487,22.724
472,2005,188.754,0.707,1,2587,2625,1792,1871,2606.297,1830.131,2606.297,1830.131,40.393,16.122,73.338,2.506,2084,0.962,82.280,73.768,2605.500,1832.500,81.706,34.031,80.538,2.401,83.814,1.019,2603,1819,17,2.465,23.141
473,33364,837.628,0.598,1,1460,1679,1796,2013,1578.492,1892.579,1578.492,1892.579,121.964,97.222,41.931,1.254,38737,0.861,269.520,43.346,1587.249,1879.671,256.191,213.745,22.467,1.199,267.214,0.991,1572,1883,77,1.735,77.256
474,11426,514.131,0.543,1,2109,2251,1800,1976,2187.232,1869.463,2187.232,1869.463,92.613,45.828,53.636,2.021,12987,0.880,206.700,57.848,2208.250,1871.250,204.354,103.238,45.000,1.979,206.014,0.997,2184,1856,43,2.396,42.101
475,983,118.003,0.887,1,437,479,1805,1839,455.857,1822.479,455.857,1822.479,20.487,16.012,8.429,1.279,1027,0.957,43.324,18.853,456.762,1820.257,40.568,33.761,166.504,1.202,44.214,1.021,452,1820,15,1.474,19.567
476,6906,313.080,0.885,1,1970,2060,1810,1927,2013.372,1870.185,2013.372,1870.185,54.950,40.888,67.213,1.344,7113,0.971,119.436,78.408,2015.671,1867.037,119.286,83.553,75.530,1.428,122.014,1.022,2016,1874,41,1.488,56.697
477,106,37.176,0.964,1,540,552,1811,1823,546.321,1817.028,546.321,1817.028,5.942,5.762,-31.618,1.031,111,0.955,13.038,147.529,546.000,1817.000,12.000,12.000,0.000,1.000,13.214,1.013,545,1816,5,1.321,6.500
478,1085,129.610,0.812,1,1676,1728,1823,1853,1700.770,1838.959,1700.770,1838.959,25.388,14.201,2.837,1.788,1141,0.951,52.773,9.819,1701.463,1837.524,51.868,29.667,173.157,1.748,54.014,1.024,1700,1836,14,1.929,20.019
479,406,78.931,0.819,1,529,555,1825,1850,541.670,1837.857,541.670,1837.857,15.275,8.832,35.532,1.729,431,0.942,30.610,38.367,540.385,1837.423,30.509,19.137,33.690,1.594,30.414,0.994,543,1839,9,1.690,11.807
480,1262,136.409,0.852,1,1208,1246,1826,1873,1229.414,1846.494,1229.414,1846.494,25.946,16.169,61.209,1.605,1302,0.969,53.824,54.834,1231.654,1846.231,53.806,33.005,56.310,1.630,53.014,0.985,1229,1842,16,1.657,23.022
481,30333,746.592,0.684,1,1228,1455,1826,2033,1349.694,1917.995,1349.694,1917.995,115.724,88.534,31.639,1.307,33825,0.897,231.905,12.958,1349.552,1918.869,218.256,189.366,48.136,1.153,226.614,0.977,1331,1898,73,1.552,83.134
482,3784,299.672,0.530,1,380,457,1840,1920,418.876,1883.039,418.876,1883.039,38.933,32.738,-41.051,1.189,4204,0.900,83.815,107.354,419.148,1887.123,78.615,65.171,129.806,1.206,80.014,0.955,423,1880,28,1.429,25.111
483,473,83.968,0.843,1,452,483,1840,1865,467.428,1852.610,467.428,1852.610,14.969,10.321,23.839,1.450,500,0.946,32.280,16.189,466.589,1851.891,30.044,21.460,39.289,1.400,33.014,1.023,465,1851,10,1.651,12.312
484,224,55.257,0.922,1,497,515,1841,1858,506.268,1849.442,506.268,1849.442,9.164,7.970,12.278,1.150,236,0.949,19.698,156.038,506.500,1849.000,18.025,16.128,18.435,1.118,19.814,1.006,505,1849,8,1.238,10.200
485,362,68.990,0.956,1,513,533,1845,1869,523.530,1857.105,523.530,1857.105,12.143,9.560,-73.089,1.270,374,0.968,24.739,104.036,523.324,1857.054,24.660,19.728,99.462,1.250,25.414,1.027,524,1854,9,1.412,16.667
486,1315,134.418,0.915,1,1696,1738,1852,1897,1717.533,1872.937,1717.533,1872.937,24.397,17.354,50.462,1.406,1343,0.979,50.606,52.224,1717.750,1871.750,50.205,35.355,45.000,1.420,50.214,0.992,1716,1870,17,1.477,27.928
487,714,101.914,0.864,1,483,509,1854,1891,496.559,1873.001,496.559,1873.001,18.686,12.446,-75.784,1.501,741,0.964,37.696,111.801,495.450,1872.495,37.513,25.672,95.711,1.461,37.414,0.993,495,1871,12,1.559,15.276
488,986,123.787,0.809,1,1663,1691,1854,1903,1678.003,1878.428,1678.003,1878.428,25.324,12.530,72.006,2.021,1029,0.958,51.478,65.925,1677.869,1878.954,50.482,26.792,82.875,1.884,52.214,1.014,1677,1875,13,2.008,17.863
489,9902,427.537,0.681,1,2504,2617,1859,2011,2568.245,1924.531,2568.245,1924.531,72.782,47.345,68.541,1.537,10717,0.924,155.541,77.751,2577.362,1925.959,150.357,95.091,61.699,1.581,158.814,1.021,2571,1914,43,1.847,47.050
490,495,89.982,0.768,1,1204,1228,1869,1903,1216.409,1885.589,1216.409,1885.589,18.882,8.429,58.759,2.240,518,0.956,38.013,54.638,1216.800,1886.100,37.566,18.336,63.435,2.049,38.014,1.000,1216,1885,9,2.112,12.972
491,1590,172.475,0.672,1,2746,2792,1869,1933,2770.080,1903.284,2770.080,1903.284,31.002,18.693,66.705,1.659,1712,0.929,69.080,67.891,2765.781,1905.582,69.054,40.847,69.444,1.691,69.414,1.005,2766,1903,16,2.169,21.041
492,8146,490.783,0.425,1,633,756,1880,2004,696.998,1945.344,696.998,1945.344,67.017,50.682,-38.160,1.322,11130,0.732,150.243,128.243,698.507,1959.368,145.347,109.235,143.865,1.331,149.814,0.997,705,1939,31,2.416,31.297
493,192,50.354,0.952,1,539,553,1890,1909,546.479,1899.729,546.479,1899.729,9.219,6.700,-77.847,1.376,197,0.975,19.647,104.744,546.000,1899.500,19.000,14.000,90.000,1.357,20.214,1.029,546,1899,7,1.444,10.167
494,7379,475.345,0.410,2,1702,1805,1890,2054,1762.119,1984.164,1762.119,1984.164,92.084,35.877,-74.736,2.567,10759,0.686,164.514,94.532,1753.042,1971.006,164.462,97.420,93.082,1.688,167.614,1.019,1748,2013,29,2.890,29.554
495,113,39.398,0.915,1,461,470,1895,1910,465.819,1902.279,465.819,1902.279,7.756,4.728,-87.311,1.640,116,0.974,15.524,75.069,465.500,1902.500,15.000,9.000,90.000,1.667,16.014,1.032,465,1901,5,1.601,6.926
496,152,46.332,0.890,1,508,520,1896,1914,513.500,1905.217,513.500,1905.217,8.758,5.656,-86.280,1.549,160,0.950,18.248,99.462,514.000,1905.000,18.000,12.000,90.000,1.500,18.614,1.020,513,1906,6,1.551,9.400
497,713,106.071,0.796,1,653,682,1896,1933,667.904,1912.996,667.904,1912.996,17.781,13.049,-73.392,1.363,758,0.941,37.216,96.170,668.191,1913.084,35.309,27.936,124.992,1.264,38.014,1.021,669,1908,12,1.584,14.926
498,21335,610.166,0.720,1,2584,2766,1896,2082,2685.004,2000.552,2685.004,2000.552,93.258,78.355,-45.686,1.190,22964,0.929,210.021,134.421,2698.689,2002.102,208.877,155.874,128.437,1.340,208.214,0.991,2697,1990,68,1.531,70.570
499,6267,336.770,0.694,1,2245,2331,1901,2025,2290.547,1969.011,2290.547,1969.011,61.753,36.449,-68.704,1.694,6611,0.948,132.966,111.161,2298.460,1973.780,132.946,77.037,112.166,1.726,132.814,0.999,2295,1974,33,2.012,41.676
500,4463,268.319,0.779,1,286,372,1906,1990,330.318,1945.820,330.318,1945.820,44.556,32.662,-50.477,1.364,4761,0.937,90.824,159.370,331.247,1943.301,88.638,64.861,120.069,1.367,89.614,0.987,330,1944,30,1.494,34.602
501,543,98.352,0.705,1,1219,1245,1907,1944,1233.684,1925.277,1233.684,1925.277,20.946,8.555,63.050,2.448,599,0.907,42.190,58.570,1233.883,1925.548,41.818,18.805,67.751,2.224,42.014,0.996,1236,1930,9,2.334,12.357
502,2582,234.110,0.592,1,234,301,1911,1992,264.611,1949.835,264.611,1949.835,43.913,20.994,-58.604,2.092,3126,0.826,87.321,113.629,266.231,1948.154,85.979,44.931,123.690,1.914,87.614,1.003,266,1941,17,2.577,22.832
503,1752,190.825,0.605,1,484,549,1917,1979,517.242,1945.935,517.242,1945.935,40.586,15.273,43.760,2.657,2046,0.856,74.330,33.476,516.232,1944.911,73.683,32.262,45.881,2.284,74.214,0.998,529,1959,14,2.651,18.325
504,89,34.495,0.940,1,539,552,1919,1928,545.331,1923.500,545.331,1923.500,6.915,4.141,-21.536,1.670,90,0.989,14.318,155.225,545.200,1923.400,14.311,8.944,153.435,1.600,14.414,1.007,545,1922,4,1.802,6.667
505,4354,292.604,0.639,1,2141,2219,1919,2022,2181.686,1973.342,2181.686,1973.342,55.524,25.849,60.774,2.148,4862,0.896,113.018,59.123,2180.161,1973.659,112.107,55.941,51.843,2.004,112.414,0.995,2183,1975,25,2.248,30.153
506,851,114.671,0.813,1,1954,1993,1933,1969,1973.365,1950.889,1973.365,1950.889,22.282,12.530,-35.873,1.778,898,0.948,43.600,126.607,1972.308,1951.962,42.712,25.794,146.310,1.656,43.214,0.991,1979,1946,12,1.801,20.368
507,1471,163.089,0.695,1,2499,2549,1936,1978,2521.253,1958.586,2521.253,1958.586,26.900,19.530,28.842,1.377,1663,0.885,58.822,35.311,2524.000,1957.000,50.000,42.000,0.000,1.190,58.814,1.000,2517,1954,17,1.730,19.837
508,434,74.908,0.972,1,1667,1692,1940,1963,1679.889,1951.691,1679.889,1951.691,12.241,11.331,-2.300,1.080,447,0.971,25.495,168.690,1679.500,1951.500,25.000,23.000,0.000,1.087,26.214,1.028,1678,1951,11,1.192,20.333
509,22023,583.312,0.813,1,393,567,1941,2135,479.068,2040.825,479.068,2040.825,90.250,81.418,-68.562,1.108,22939,0.960,194.093,88.229,488.633,2049.284,187.640,161.105,108.273,1.165,195.414,1.007,483,2040,72,1.357,77.714
510,1722,184.827,0.633,1,2745,2785,1941,2007,2766.873,1968.323,2766.873,1968.323,33.487,17.888,84.386,1.872,1840,0.936,69.462,67.126,2769.981,1970.904,68.445,38.047,78.690,1.799,66.214,0.953,2753,1970,28,1.182,18.444
511,92,34.495,0.972,1,561,570,1943,1956,565.467,1949.457,565.467,1949.457,6.372,4.654,-88.404,1.369,93,0.989,13.342,77.005,565.500,1949.500,13.000,9.000,90.000,1.444,13.814,1.035,565,1948,5,1.381,6.889
512,3377,227.636,0.819,1,1982,2045,1945,2021,2012.755,1985.682,2012.755,1985.682,38.938,28.630,-68.715,1.360,3627,0.931,78.435,109.359,2012.243,1983.041,77.596,61.321,99.462,1.265,79.414,1.012,2007,1987,25,1.588,34.785
513,10630,440.620,0.688,1,2304,2414,1946,2112,2363.382,2035.612,2363.382,2035.612,93.715,37.122,-66.138,2.524,11410,0.932,186.593,118.488,2366.465,2033.562,184.772,79.665,109.926,2.319,184.214,0.987,2355,2064,35,2.632,57.170
514,27064,835.788,0.487,1,1385,1621,1954,2144,1499.791,2047.586,1499.791,2047.586,110.664,82.409,-9.683,1.343,31081,0.871,236.415,3.395,1496.717,2041.331,230.466,182.356,168.043,1.264,237.414,1.004,1530,2044,64,1.855,62.231
515,969,110.744,0.993,1,2786,2820,1959,1996,2803.632,1977.337,2803.632,1977.337,18.468,16.733,-83.655,1.104,992,0.977,38.079,113.199,2803.000,1977.500,37.000,34.000,90.000,1.088,38.614,1.014,2803,1975,16,1.207,33.000
516,487,85.730,0.833,1,544,575,1964,1987,558.408,1976.364,558.408,1976.364,16.977,9.337,23.197,1.818,507,0.961,33.615,30.379,558.400,1976.700,33.541,18.783,26.565,1.786,33.414,0.994,552,1974,9,1.856,15.510
517,6942,327.749,0.812,1,803,919,1964,2051,863.594,2009.023,863.594,2009.023,55.402,41.731,8.425,1.328,7453,0.931,116.430,175.073,863.346,2005.608,115.233,83.948,6.116,1.373,118.214,1.015,860,2003,39,1.516,48.490
518,2421,202.852,0.739,1,2112,2159,1967,2048,2134.602,2008.285,2134.602,2008.285,38.740,20.485,79.614,1.891,2580,0.938,81.099,92.827,2134.666,2008.755,77.806,41.051,73.856,1.895,82.014,1.011,2130,1999,19,2.158,23.875
519,710,114.211,0.684,1,604,632,1971,2010,616.868,1990.739,616.868,1990.739,19.138,12.930,85.175,1.480,831,0.854,40.522,74.249,617.039,1990.948,38.233,27.748,100.008,1.378,41.414,1.022,615,1988,11,1.882,13.587
520,2042,174.410,0.844,1,1915,1975,1976,2032,1943.883,2002.642,1943.883,2002.642,35.450,18.495,-40.464,1.917,2080,0.982,70.292,140.194,1943.390,2001.988,70.278,36.701,141.340,1.915,69.814,0.993,1950,1996,18,1.939,30.833
521,239,61.961,0.782,2,579,596,1978,1999,587.178,1988.496,587.178,1988.496,11.566,6.672,54.433,1.734,253,0.945,24.839,49.899,587.640,1989.020,24.800,14.600,53.130,1.699,24.814,0.999,586,1987,7,1.772,8.074
522,1283,144.453,0.773,1,2410,2449,1994,2042,2431.559,2020.781,2431.559,2020.781,24.906,17.657,-73.048,1.411,1392,0.922,52.326,116.075,2433.560,2020.526,52.260,34.796,113.199,1.502,51.814,0.990,2433,2022,16,1.619,22.692
523,384,74.353,0.873,1,1964,1985,1998,2025,1974.732,2013.438,1974.732,2013.438,13.316,9.538,-77.142,1.396,399,0.962,28.792,110.323,1976.000,2013.000,28.622,20.572,116.565,1.391,29.214,1.015,1974,2015,10,1.461,11.083
524,811,115.782,0.760,1,596,634,2012,2049,613.133,2031.309,613.133,2031.309,22.376,11.999,46.796,1.865,855,0.949,46.400,37.117,612.500,2032.000,45.962,24.749,45.000,1.857,45.814,0.987,612,2031,12,1.909,15.549
525,4292,277.856,0.699,1,2253,2329,2013,2114,2286.266,2061.735,2286.266,2061.735,55.244,26.591,-58.763,2.078,4545,0.944,112.770,118.610,2282.994,2055.526,112.767,56.403,118.202,1.999,111.214,0.986,2285,2055,25,2.224,36.202
526,1796,183.986,0.667,1,2535,2582,2021,2083,2559.002,2052.343,2559.002,2052.343,31.749,19.758,-57.460,1.607,2057,0.873,65.552,111.477,2556.000,2050.000,62.225,45.255,135.000,1.375,66.214,1.010,2556,2057,16,2.069,21.392
527,1215,134.187,0.848,1,1660,1709,2023,2060,1681.736,2038.771,1681.736,2038.771,24.254,16.828,-19.896,1.441,1253,0.970,52.924,157.797,1682.000,2035.000,49.497,36.770,135.000,1.346,53.214,1.005,1676,2039,16,1.663,17.364
528,2898,250.446,0.581,1,2839,2880,2023,2133,2857.055,2085.280,2857.055,2085.280,54.121,18.123,86.608,2.986,3054,0.949,110.114,87.397,2853.199,2078.531,108.307,40.325,77.005,2.686,111.214,1.010,2857,2096,19,2.927,24.853
529,3830,254.603,0.742,1,1935,1997,2030,2119,1968.152,2073.525,1968.152,2073.525,45.629,28.898,-83.812,1.579,4222,0.907,90.094,81.060,1965.504,2072.755,88.982,59.190,95.389,1.503,90.814,1.008,1971,2076,31,1.465,33.754
530,4258,254.833,0.824,1,1868,1937,2032,2114,1902.555,2072.842,1902.555,2072.842,43.484,31.817,-59.970,1.367,4503,0.946,92.655,124.891,1902.050,2073.650,86.408,65.337,98.130,1.323,92.614,1.000,1901,2072,32,1.447,31.036
531,2113,220.242,0.547,1,2024,2080,2039,2119,2045.058,2073.229,2045.058,2073.229,35.754,23.091,-80.700,1.548,2635,0.802,80.306,95.001,2039.320,2076.760,69.823,54.644,124.695,1.278,81.614,1.016,2042,2063,18,2.267,18.644
532,802,125.722,0.638,1,2071,2117,2039,2076,2095.470,2058.695,2095.470,2058.695,25.889,10.553,37.926,2.453,887,0.904,53.824,35.166,2092.300,2057.900,53.218,24.597,26.565,2.164,53.814,1.000,2097,2060,12,2.242,14.232
533,30662,749.503,0.686,1,1179,1416,2040,2233,1293.402,2127.064,1293.402,2127.064,110.876,90.841,-0.388,1.221,33777,0.908,240.693,10.049,1291.143,2126.079,220.968,182.628,162.681,1.210,245.614,1.020,1286,2127,81,1.516,85.914
534,759,110.419,0.782,1,2419,2451,2040,2078,2434.478,2058.122,2434.478,2058.122,19.190,13.248,52.522,1.449,813,0.934,40.162,71.114,2435.051,2055.927,39.665,28.093,61.390,1.412,40.214,1.001,2437,2059,13,1.547,15.844
535,980,122.025,0.827,1,2450,2482,2041,2088,2465.485,2065.903,2465.485,2065.903,24.016,13.269,68.835,1.810,1032,0.950,49.041,73.413,2464.546,2065.831,47.877,27.660,60.255,1.731,50.014,1.020,2464,2065,13,1.924,21.000
536,763,109.078,0.806,1,2472,2512,2042,2073,2493.306,2057.394,2493.306,2057.394,20.099,12.478,33.607,1.611,808,0.944,43.863,24.228,2493.335,2056.573,40.082,26.838,52.125,1.493,43.814,0.999,2493,2056,12,1.826,16.333
537,785,103.715,0.917,1,2397,2426,2049,2087,2411.547,2068.466,2411.547,2068.466,18.576,13.541,79.256,1.372,806,0.974,39.294,75.256,2411.200,2068.400,38.460,27.727,63.435,1.387,40.214,1.023,2411,2065,14,1.436,20.714
538,34550,863.001,0.583,1,221,466,2050,2247,339.729,2151.916,339.729,2151.916,138.963,83.806,26.760,1.658,38619,0.895,282.606,37.235,340.731,2152.497,278.675,191.738,27.181,1.453,282.614,1.000,379,2170,69,2.048,74.101
539,1789,162.439,0.852,1,1736,1780,2051,2112,1756.046,2079.744,1756.046,2079.744,29.324,20.405,71.937,1.437,1842,0.971,61.660,81.607,1758.150,2077.950,60.716,41.426,71.565,1.466,62.614,1.015,1757,2079,19,1.648,26.651
540,2407,191.705,0.823,1,1813,1872,2052,2117,1846.712,2084.123,1846.712,2084.123,33.077,24.563,-45.316,1.347,2529,0.952,69.893,146.083,1850.504,2084.434,69.613,49.294,138.814,1.412,69.814,0.999,1859,2076,22,1.587,29.677
541,6655,316.182,0.837,1,795,893,2053,2154,841.567,2103.949,841.567,2103.949,52.679,42.366,-58.055,1.243,7081,0.940,105.109,111.194,844.311,2107.014,104.952,88.811,108.060,1.182,104.014,0.990,850,2100,36,1.445,53.272
542,6789,319.475,0.836,1,623,700,2054,2178,662.322,2112.046,662.322,2112.046,60.627,36.266,-86.402,1.672,6968,0.974,126.495,101.399,658.367,2114.402,126.453,75.675,99.926,1.671,129.214,1.021,662,2098,36,1.795,52.292
543,1182,134.743,0.818,1,916,955,2054,2101,937.613,2078.547,937.613,2078.547,24.589,16.389,-59.448,1.500,1241,0.952,50.249,121.159,934.974,2075.015,49.264,36.223,104.621,1.360,50.214,0.999,936,2080,15,1.674,22.238
544,1620,176.822,0.651,1,1987,2018,2058,2134,2001.205,2095.482,2001.205,2095.482,36.897,14.848,-89.692,2.485,1747,0.927,76.059,92.261,2002.591,2095.775,75.943,30.794,88.409,2.466,76.814,1.010,1987,2088,28,1.372,19.875
545,1325,150.372,0.736,1,1603,1653,2064,2107,1631.161,2085.877,1631.161,2085.877,25.388,18.084,-17.460,1.404,1481,0.895,53.852,148.671,1629.496,2088.953,53.547,37.126,157.249,1.442,53.614,0.996,1633,2086,16,1.675,21.240
546,601,91.648,0.899,1,598,627,2065,2092,612.488,2078.670,612.488,2078.670,14.893,13.077,17.985,1.139,630,0.954,31.241,39.806,612.351,2079.392,29.427,26.633,9.462,1.105,31.214,0.999,610,2078,12,1.301,18.600
547,3152,261.021,0.581,1,1649,1724,2065,2154,1690.347,2110.943,1690.347,2110.943,54.128,21.339,-55.525,2.537,3855,0.818,94.868,124.695,1690.503,2110.801,94.853,45.675,125.727,2.077,94.814,0.999,1705,2088,19,2.495,26.040
548,3992,268.740,0.695,1,2548,2614,2067,2171,2587.415,2116.804,2587.415,2116.804,49.412,28.443,80.622,1.737,4308,0.927,104.580,83.962,2584.938,2122.758,103.449,64.656,75.530,1.600,106.414,1.018,2585,2111,26,2.046,34.003
549,1038,130.721,0.763,1,2435,2467,2075,2125,2449.250,2101.322,2449.250,2101.322,26.233,13.132,71.326,1.998,1109,0.936,50.804,79.796,2447.916,2099.894,50.151,27.767,70.017,1.806,52.014,1.024,2450,2104,13,2.001,18.197
550,16399,510.950,0.789,1,681,813,2083,2275,743.126,2173.832,743.126,2173.832,96.457,55.184,-80.064,1.748,17404,0.942,193.961,101.600,739.665,2173.971,191.044,118.188,114.727,1.616,198.014,1.021,749,2142,54,1.833,73.673
551,895,111.299,0.908,1,2389,2428,2083,2115,2408.045,2098.565,2408.045,2098.565,19.514,15.003,19.076,1.301,923,0.970,40.025,12.995,2407.168,2100.297,39.986,31.100,15.524,1.286,38.014,0.950,2409,2101,15,1.267,22.922
552,4140,261.346,0.762,1,912,997,2085,2160,953.606,2122.953,953.606,2122.953,43.432,31.414,3.711,1.383,4581,0.904,90.824,20.630,954.138,2120.959,82.469,67.814,163.301,1.216,91.014,1.002,956,2126,32,1.422,32.549
553,3052,217.236,0.813,1,2624,2685,2090,2167,2648.696,2125.542,2648.696,2125.542,39.612,26.333,-70.565,1.504,3292,0.927,77.318,95.194,2644.458,2126.545,75.165,57.749,123.366,1.302,78.614,1.017,2649,2117,24,1.638,34.641
554,2347,230.318,0.556,1,467,529,2103,2189,495.942,2143.365,495.942,2143.365,47.054,18.440,-54.509,2.552,2746,0.855,98.489,119.168,495.454,2139.156,97.861,42.475,125.640,2.304,97.614,0.991,487,2147,16,3.050,20.907
555,8932,469.577,0.509,1,2793,2912,2104,2213,2855.309,2166.731,2855.309,2166.731,68.247,49.388,8.973,1.382,11401,0.783,141.598,42.138,2853.195,2160.324,120.613,106.448,176.269,1.133,145.014,1.024,2830,2163,36,2.014,33.436
556,267,59.835,0.937,1,2137,2158,2106,2123,2147.272,2114.721,2147.272,2114.721,11.111,7.717,25.297,1.440,275,0.971,23.259,25.463,2147.324,2115.054,22.358,16.440,9.462,1.360,23.214,0.998,2146,2114,8,1.451,13.000
557,22593,608.921,0.766,1,2270,2475,2110,2299,2364.864,2198.248,2364.864,2198.248,112.264,68.453,-37.864,1.640,23897,0.945,226.153,139.124,2364.489,2187.775,226.026,143.580,141.044,1.574,224.414,0.992,2344,2208,63,1.781,81.215
558,20960,568.047,0.816,1,1493,1662,2111,2302,1589.734,2201.459,1589.734,2201.459,89.964,78.424,68.378,1.147,21851,0.959,199.582,70.385,1600.221,2197.132,174.757,158.465,30.964,1.103,201.614,1.010,1588,2193,67,1.505,84.946
559,550,88.641,0.880,1,2060,2085,2113,2145,2071.760,2128.653,2071.760,2128.653,16.789,10.586,-59.157,1.586,572,0.962,34.540,112.109,2071.750,2128.250,33.234,22.627,135.000,1.469,34.814,1.008,2073,2125,10,1.741,16.708
560,291,63.857,0.897,1,2203,2224,2115,2135,2213.026,2125.167,2213.026,2125.167,11.694,8.073,-34.938,1.449,300,0.970,24.413,145.008,2212.308,2124.962,24.407,16.918,146.310,1.443,24.014,0.984,2214,2123,8,1.501,12.600
561,475,85.634,0.814,1,2763,2793,2115,2140,2776.464,2128.216,2776.464,2128.216,15.630,10.047,25.287,1.556,514,0.924,31.765,28.179,2776.176,2128.946,31.764,20.743,27.897,1.531,31.214,0.983,2772,2126,9,1.734,14.206
562,649,103.945,0.755,1,1696,1728,2127,2163,1710.042,2142.914,1710.042,2142.914,21.944,9.892,-49.986,2.218,676,0.960,44.688,130.462,1708.837,2142.599,44.648,20.152,132.879,2.216,44.614,0.998,1713,2136,9,2.479,13.839
563,428,78.050,0.883,1,598,623,2131,2158,610.280,2144.213,610.280,2144.213,13.774,10.139,-59.419,1.359,446,0.960,27.514,109.093,609.889,2144.621,27.215,19.872,118.610,1.369,28.014,1.018,611,2140,9,1.556,12.667
564,1359,135.393,0.932,1,2509,2544,2140,2189,2525.723,2165.240,2525.723,2165.240,24.752,17.655,-88.860,1.402,1392,0.976,49.649,99.273,2526.500,2164.500,49.000,35.000,90.000,1.400,50.414,1.015,2526,2165,18,1.400,29.356
565,1056,123.596,0.869,1,538,576,2142,2182,557.637,2159.394,557.637,2159.394,19.863,17.405,-51.001,1.141,1104,0.957,43.417,118.926,557.500,2157.000,41.719,36.062,135.000,1.157,43.014,0.991,556,2158,16,1.344,26.600
566,9985,401.872,0.777,1,1008,1138,2143,2264,1070.780,2205.285,1070.780,2205.285,71.588,46.938,-45.364,1.525,10581,0.944,151.489,141.163,1082.890,2206.106,150.631,101.723,147.265,1.481,151.414,1.000,1064,2215,46,1.646,53.294
567,491,81.612,0.926,1,2485,2507,2143,2174,2496.789,2157.586,2496.789,2157.586,15.601,10.113,69.750,1.543,500,0.982,32.573,72.121,2497.121,2158.052,32.497,21.355,68.199,1.522,33.214,1.020,2495,2153,10,1.661,15.952
568,23970,633.531,0.750,1,736,909,2145,2367,834.819,2255.540,834.819,2255.540,115.656,68.714,-67.146,1.683,26189,0.915,226.736,108.515,840.434,2248.090,225.254,143.512,115.067,1.570,222.814,0.983,846,2245,60,1.857,81.864
569,720,125.262,0.577,1,940,982,2146,2184,957.322,2163.075,957.322,2163.075,27.289,9.525,-36.617,2.865,802,0.898,54.672,140.194,957.672,2160.380,54.665,21.842,141.072,2.503,54.214,0.992,955,2154,14,1.936,11.558
570,1918,169.698,0.837,1,2710,2764,2148,2204,2739.638,2172.814,2739.638,2172.814,33.098,18.989,42.918,1.743,1979,0.969,66.843,51.072,2741.058,2171.065,66.214,38.730,39.987,1.710,66.414,0.994,2742,2173,18,1.845,27.000
571,599,93.124,0.868,1,578,607,2150,2181,593.730,2166.904,593.730,2166.904,16.191,12.020,-51.626,1.347,625,0.958,33.015,125.134,594.654,2166.269,33.005,24.684,123.690,1.337,33.414,1.012,593,2168,12,1.392,15.606
572,1531,176.783,0.616,1,200,226,2152,2228,211.268,2191.508,211.268,2191.508,39.792,12.691,86.160,3.135,1595,0.960,76.531,83.246,212.066,2189.691,76.382,25.794,86.820,2.961,78.014,1.019,212,2193,12,3.251,18.672
573,1671,151.713,0.912,1,1656,1701,2152,2203,1677.882,2176.250,1677.882,2176.250,24.603,21.878,76.715,1.125,1718,0.973,51.788,79.992,1678.700,2175.900,50.535,44.274,63.435,1.141,52.814,1.020,1678,2175,21,1.257,23.058
574,33214,700.720,0.850,1,1832,2039,2158,2375,1937.634,2268.720,1937.634,2268.720,106.703,101.522,-83.403,1.051,34946,0.950,224.290,113.937,1936.061,2264.473,215.319,206.356,71.162,1.043,225.014,1.003,1946,2265,89,1.264,94.258
575,28223,668.249,0.794,1,1317,1490,2169,2379,1402.492,2280.337,1402.492,2280.337,114.264,81.679,-75.147,1.399,30273,0.932,245.410,127.384,1395.428,2278.542,226.691,167.175,101.155,1.356,245.414,1.000,1404,2254,76,1.615,93.234
576,5787,298.848,0.814,1,1675,1756,2170,2278,1722.119,2224.402,1722.119,2224.402,51.505,37.525,-78.988,1.373,6125,0.945,109.037,97.907,1715.390,2222.694,108.859,78.203,94.635,1.392,111.214,1.020,1719,2222,35,1.589,45.595
577,1344,144.223,0.812,1,1763,1798,2172,2228,1780.535,2200.573,1780.535,2200.573,28.798,15.212,70.189,1.893,1380,0.974,60.539,67.671,1778.847,2200.685,59.279,32.742,79.380,1.811,60.214,0.995,1778,2198,16,1.882,23.050
578,917,112.085,0.917,1,962,1005,2173,2202,982.816,2187.827,982.816,2187.827,21.478,13.654,19.722,1.573,934,0.982,44.643,15.593,983.500,2187.500,43.000,29.000,0.000,1.483,45.614,1.022,979,2186,14,1.629,21.212
579,1785,163.224,0.842,1,592,648,2177,2221,621.149,2198.518,621.149,2198.518,27.974,20.772,2.968,1.347,1881,0.949,57.009,15.255,621.425,2196.264,57.005,43.406,15.945,1.313,58.214,1.021,625,2199,19,1.532,31.273
580,475,85.079,0.825,1,551,578,2178,2207,564.995,2193.052,564.995,2193.052,17.165,9.111,-42.251,1.884,499,0.952,34.409,125.538,565.321,2193.652,33.706,18.908,139.764,1.783,33.814,0.983,569,2190,9,1.879,13.159
581,1259,144.128,0.762,1,2098,2143,2185,2233,2121.235,2208.543,2121.235,2208.543,29.544,13.939,56.880,2.119,1317,0.956,58.898,49.821,2120.727,2207.822,57.847,27.575,62.526,2.098,58.814,0.999,2117,2200,13,2.262,20.930
582,949,125.952,0.752,1,2448,2494,2196,2234,2470.438,2215.829,2470.438,2215.829,25.610,12.019,36.667,2.131,996,0.953,50.537,27.072,2471.660,2217.120,50.000,25.000,36.870,2.000,50.214,0.994,2467,2214,12,2.092,19.095
583,758,109.078,0.801,1,469,507,2202,2235,487.266,2217.637,487.266,2217.637,19.673,13.082,-36.247,1.504,800,0.948,41.617,144.782,489.000,2215.000,41.012,28.284,135.000,1.450,41.614,1.000,483,2219,13,1.601,16.111
584,21993,660.648,0.633,1,1067,1257,2202,2379,1156.164,2312.365,1156.164,2312.365,91.802,82.264,-7.774,1.116,24149,0.911,214.149,124.729,1153.569,2319.684,198.284,167.012,150.191,1.187,215.214,1.005,1148,2309,70,1.537,64.609
585,16347,654.500,0.480,1,885,1025,2204,2379,959.663,2305.950,959.663,2305.950,93.826,62.599,88.606,1.499,18821,0.869,191.450,115.360,949.181,2295.538,182.564,136.704,83.290,1.335,190.214,0.994,972,2330,45,2.113,48.575
586,3763,227.962,0.910,1,2537,2596,2204,2291,2565.709,2246.742,2565.709,2246.742,42.691,28.164,83.903,1.516,3821,0.985,87.281,85.400,2567.019,2247.596,86.683,57.462,78.690,1.509,88.614,1.015,2564,2240,28,1.582,48.952
587,543,92.203,0.803,1,1112,1144,2207,2233,1126.108,2218.281,1126.108,2218.281,15.126,12.620,-11.501,1.199,586,0.927,33.242,15.709,1127.555,2220.503,32.450,25.794,3.180,1.258,33.814,1.017,1124,2217,10,1.691,13.762
588,15604,472.147,0.880,1,2762,2912,2216,2373,2851.487,2291.380,2851.487,2291.380,73.545,72.202,-81.860,1.019,16165,0.965,159.531,20.934,2857.759,2283.069,150.332,141.878,45.424,1.060,160.614,1.007,2853,2293,59,1.361,81.202
589,944,121.795,0.800,1,2613,2656,2219,2253,2633.352,2237.881,2633.352,2237.881,24.307,12.818,28.059,1.896,998,0.946,48.877,30.763,2632.958,2239.413,48.801,27.137,27.553,1.798,47.814,0.978,2628,2237,12,1.992,20.573
590,6036,324.092,0.722,1,2156,2260,2221,2307,2205.423,2261.134,2205.423,2261.134,49.905,39.276,0.538,1.271,6491,0.930,106.301,11.944,2209.587,2263.820,104.016,84.394,25.710,1.233,108.614,1.022,2200,2259,38,1.429,37.117
591,1186,130.491,0.875,1,2428,2471,2221,2260,2449.400,2240.652,2449.400,2240.652,23.626,16.403,36.717,1.440,1229,0.965,49.679,49.899,2447.853,2241.588,45.597,35.168,14.036,1.297,49.414,0.995,2452,2242,17,1.453,24.061
592,1326,146.675,0.775,1,2496,2532,2235,2291,2512.681,2261.511,2512.681,2261.511,26.919,16.882,79.525,1.595,1390,0.954,58.523,73.113,2515.552,2261.536,58.138,35.777,79.695,1.625,58.614,1.002,2511,2256,15,1.954,21.987
593,1468,151.713,0.801,1,1479,1520,2244,2300,1501.263,2271.533,1501.263,2271.533,29.827,16.232,-66.695,1.838,1574,0.933,57.489,103.069,1501.766,2271.679,57.088,33.440,113.629,1.707,58.814,1.023,1505,2257,14,2.101,25.420
594,3268,255.983,0.627,1,1709,1791,2253,2323,1751.368,2289.339,1751.368,2289.339,46.689,23.572,-38.859,1.981,3640,0.898,91.022,144.389,1752.575,2289.022,90.919,50.367,141.667,1.805,91.014,1.000,1743,2300,21,2.167,23.529
595,9078,380.936,0.786,1,2371,2472,2253,2379,2423.117,2326.061,2423.117,2326.061,61.211,49.459,78.234,1.238,9919,0.915,130.507,74.899,2422.929,2320.682,130.375,98.269,77.471,1.327,132.614,1.016,2422,2331,46,1.441,52.448
596,190,49.339,0.981,1,549,566,2255,2269,557.926,2262.268,557.926,2262.268,8.930,6.834,-23.686,1.307,194,0.979,18.868,147.995,557.500,2262.000,17.000,14.000,0.000,1.214,18.814,0.997,559,2261,7,1.344,11.190
597,429,83.413,0.775,1,459,486,2257,2286,471.840,2271.213,471.840,2271.213,17.044,8.177,-47.892,2.084,447,0.960,34.409,125.538,472.200,2269.900,34.400,17.400,126.870,1.977,34.414,1.000,473,2269,8,2.151,11.815
598,601,96.686,0.808,1,1656,1688,2259,2289,1672.071,2275.379,1672.071,2275.379,16.893,12.201,33.744,1.385,643,0.935,35.511,57.653,1672.750,2277.750,34.648,25.456,45.000,1.361,35.214,0.992,1670,2274,11,1.601,15.043
599,1446,141.542,0.907,1,2094,2136,2260,2306,2114.929,2283.940,2114.929,2283.940,24.229,19.233,60.548,1.260,1492,0.969,51.624,58.465,2113.534,2284.086,51.066,40.667,68.199,1.256,50.414,0.977,2113,2283,19,1.327,31.053
600,6596,334.604,0.740,1,613,705,2267,2379,665.920,2334.707,665.920,2334.707,58.543,39.656,-75.122,1.476,6813,0.968,124.555,122.542,672.876,2336.153,124.050,78.909,112.954,1.572,122.414,0.983,669,2340,36,1.700,42.106
601,1229,141.677,0.769,1,2475,2513,2271,2325,2491.782,2300.848,2491.782,2300.848,27.617,14.959,68.704,1.846,1321,0.930,54.745,80.538,2489.684,2299.424,52.943,31.120,60.068,1.701,56.014,1.023,2491,2303,14,2.001,19.430
602,146,45.546,0.884,1,577,589,2289,2306,582.692,2297.849,582.692,2297.849,8.400,5.707,-85.151,1.472,153,0.954,17.464,103.241,583.000,2297.500,17.000,12.000,90.000,1.417,18.014,1.031,582,2295,5,1.801,6.644
603,6831,311.217,0.886,1,200,287,2290,2379,241.386,2335.912,241.386,2335.912,48.403,45.811,85.470,1.057,6963,0.981,106.217,48.053,243.640,2334.772,89.437,86.706,91.397,1.031,105.214,0.991,242,2332,42,1.253,44.510
604,9120,381.413,0.788,1,2229,2364,2291,2379,2288.904,2341.425,2288.904,2341.425,72.459,42.301,13.683,1.713,9580,0.952,146.728,33.040,2296.500,2335.000,135.000,88.000,0.000,1.534,145.214,0.990,2268,2339,38,1.911,56.178
605,914,109.173,0.964,1,592,627,2312,2346,609.782,2328.000,609.782,2328.000,17.553,16.676,6.874,1.053,941,0.971,37.216,30.700,609.500,2329.000,35.000,34.000,0.000,1.029,37.014,0.995,609,2327,16,1.157,24.500
606,2889,266.305,0.512,1,1505,1609,2334,2379,1560.984,2362.104,1560.984,2362.104,48.025,22.483,-6.852,2.136,3136,0.921,104.173,176.698,1557.000,2356.500,104.000,45.000,0.000,2.311,105.414,1.012,1563,2359,20,2.635,19.911
607,1348,158.052,0.678,1,1622,1673,2338,2379,1644.748,2363.582,1644.748,2363.582,24.370,19.651,10.406,1.240,1468,0.918,54.378,32.229,1647.500,2358.500,51.000,41.000,0.000,1.244,54.214,0.997,1647,2363,15,1.807,17.447
608,370,83.048,0.674,1,1478,1496,2346,2379,1485.616,2361.543,1485.616,2361.543,17.236,7.591,-77.664,2.271,406,0.911,33.734,101.976,1486.992,2363.062,33.613,16.869,97.125,1.993,34.614,1.026,1487,2356,8,2.163,9.213
609,264,59.049,0.951,1,451,468,2349,2369,459.572,2358.955,459.572,2358.955,10.127,8.352,-68.703,1.213,273,0.967,21.401,127.405,459.500,2359.000,20.000,17.000,90.000,1.176,21.214,0.991,459,2357,8,1.326,13.167
